Workbook
Name Jira: Limpio!$A$1:$I$452
Name Jira: Ordenado!$A$1:$I$452
Name Jira: Tabla3!$B$1:$J$424
Name Jira: TODO!$A$1:$BC$452

Sheet TODO
A1: Resumen | B1: Clave de incidencia | C1: ID de la incidencia | D1: Tipo de Incidencia | E1: Estado | F1: Clave del proyecto | G1: Nombre del proyecto | H1: Tipo de proyecto | I1: Responsable del proyecto | J1: ID del responsable del proyecto | K1: Descripción del proyecto | L1: Prioridad | M1: Resolución | N1: Persona asignada | O1: ID de la persona asignada | P1: Informador | Q1: ID del informador | R1: Creador | S1: ID del creador | T1: Creada | U1: Actualizada | V1: Vista por Ãšltima Vez | W1: Resuelta | X1: Fecha de vencimiento | Y1: Votos | Z1: Descripción | AA1: Entorno | AB1: Interesados | AC1: ID de los interesados | AD1: Estimación original | AE1: Trabajo restante estimado | AF1: Tiempo Trabajado | AG1: Relación de trabajo | AH1: Î£ Estimación original | AI1: Î£ Trabajo restante estimado | AJ1: Î£ Tiempo empleado | AK1: Nivel de Seguridad | AL1: Enlace a la incidencia interna (Blocks) | AM1: Enlace de incidencia saliente (Blocks) | AN1: Enlace de incidencia saliente (Blocks) | AO1: Enlace de incidencia saliente (Blocks) | AP1: Enlace de incidencia saliente (Blocks) | AQ1: Campo personalizado (Issue color) | AR1: Campo personalizado (Rank) | AS1: Sprint | AT1: Campo personalizado (Start date) | AU1: Campo personalizado (Story point estimate) | AV1: Campo personalizado (Team) | AW1: Campo personalizado (Vulnerability) | AX1: Campo personalizado (development) | AY1: Categoría de estado | AZ1: Categoría de estado cambiada | BA1: Principal | BB1: Clave principal | BC1: Parent summary
A2: Integrar sistema de notificaciones con el flujo de compra | B2: MIP-457 | C2: 10945 | D2: Subtarea | E2: Tareas por hacer | F2: MIP | G2: Proyecto Intermodular | H2: software | I2: Alberto Puig Parellada | J2: 712020:5af7a3fc-6e7a-4877-a93a-01a122fcc36d | L2: Medium | N2: Alberto Puig Parellada | O2: 712020:5af7a3fc-6e7a-4877-a93a-01a122fcc36d | P2: Alberto Puig Parellada | Q2: 712020:5af7a3fc-6e7a-4877-a93a-01a122fcc36d | R2: Alberto Puig Parellada | S2: 712020:5af7a3fc-6e7a-4877-a93a-01a122fcc36d | T2: 45970.479 | U2: 45983.463 | V2: 45983.441 | Y2: 0 | Z2: Asegurarse de que la notificación por correo electrónico se envíe automáticamente al finalizar el proceso de compra exitosamente. | AB2: Alberto Puig Parellada | AC2: 712020:5af7a3fc-6e7a-4877-a93a-01a122fcc36d | AR2: 0|i002mf: | AS2: Semanas 17 - 18 | AU2: 43.0 | AY2: Por hacer | AZ2: 45970.479 | BA2: 10173 | BB2: MIP-84 | BC2: Enviar notificación por correo electrónico
A3: Realizar pruebas de envío de notificaciones por correo electrónico | B3: MIP-456 | C3: 10944 | D3: Subtarea | E3: Tareas por hacer | F3: MIP | G3: Proyecto Intermodular | H3: software | I3: Alberto Puig Parellada | J3: 712020:5af7a3fc-6e7a-4877-a93a-01a122fcc36d | L3: Medium | N3: Alberto Puig Parellada | O3: 712020:5af7a3fc-6e7a-4877-a93a-01a122fcc36d | P3: Alberto Puig Parellada | Q3: 712020:5af7a3fc-6e7a-4877-a93a-01a122fcc36d | R3: Alberto Puig Parellada | S3: 712020:5af7a3fc-6e7a-4877-a93a-01a122fcc36d | T3: 45970.479 | U3: 45983.463 | Y3: 0 | Z3: Probar el envío de correos electrónicos para verificar que la información enviada sea correcta y que el correo llegue al destinatario. | AB3: Alberto Puig Parellada | AC3: 712020:5af7a3fc-6e7a-4877-a93a-01a122fcc36d | AR3: 0|i002lz: | AS3: Semanas 17 - 18 | AU3: 43.0 | AY3: Por hacer | AZ3: 45970.479 | BA3: 10173 | BB3: MIP-84 | BC3: Enviar notificación por correo electrónico
A4: Implementar lógica para generar y enviar notificación por correo electrónico | B4: MIP-454 | C4: 10943 | D4: Subtarea | E4: Tareas por hacer | F4: MIP | G4: Proyecto Intermodular | H4: software | I4: Alberto Puig Parellada | J4: 712020:5af7a3fc-6e7a-4877-a93a-01a122fcc36d | L4: Medium | N4: Alberto Puig Parellada | O4: 712020:5af7a3fc-6e7a-4877-a93a-01a122fcc36d | P4: Alberto Puig Parellada | Q4: 712020:5af7a3fc-6e7a-4877-a93a-01a122fcc36d | R4: Alberto Puig Parellada | S4: 712020:5af7a3fc-6e7a-4877-a93a-01a122fcc36d | T4: 45970.479 | U4: 45983.463 | Y4: 0 | Z4: Desarrollar la funcionalidad que genere y envíe el correo electrónico al usuario después de realizar una compra, utilizando la plantilla diseñada. | AB4: Alberto Puig Parellada | AC4: 712020:5af7a3fc-6e7a-4877-a93a-01a122fcc36d | AR4: 0|i002m7: | AS4: Semanas 17 - 18 | AU4: 43.0 | AY4: Por hacer | AZ4: 45970.479 | BA4: 10173 | BB4: MIP-84 | BC4: Enviar notificación por correo electrónico
A5: Documentar el proceso de notificación por correo electrónico | B5: MIP-455 | C5: 10942 | D5: Subtarea | E5: Tareas por hacer | F5: MIP | G5: Proyecto Intermodular | H5: software | I5: Alberto Puig Parellada | J5: 712020:5af7a3fc-6e7a-4877-a93a-01a122fcc36d | L5: Medium | N5: Alberto Puig Parellada | O5: 712020:5af7a3fc-6e7a-4877-a93a-01a122fcc36d | P5: Alberto Puig Parellada | Q5: 712020:5af7a3fc-6e7a-4877-a93a-01a122fcc36d | R5: Alberto Puig Parellada | S5: 712020:5af7a3fc-6e7a-4877-a93a-01a122fcc36d | T5: 45970.479 | U5: 45983.463 | Y5: 0 | Z5: Crear documentación técnica y de usuario sobre cómo funciona el sistema de notificaciones por correo electrónico y qué información se incluye. | AB5: Alberto Puig Parellada | AC5: 712020:5af7a3fc-6e7a-4877-a93a-01a122fcc36d | AR5: 0|i002lr: | AS5: Semanas 17 - 18 | AU5: 43.0 | AY5: Por hacer | AZ5: 45970.479 | BA5: 10173 | BB5: MIP-84 | BC5: Enviar notificación por correo electrónico
A6: Mostrar mensajes de éxito o error tras el pago | B6: MIP-453 | C6: 10937 | D6: Subtarea | E6: Tareas por hacer | F6: MIP | G6: Proyecto Intermodular | H6: software | I6: Alberto Puig Parellada | J6: 712020:5af7a3fc-6e7a-4877-a93a-01a122fcc36d | L6: Medium | N6: Alberto Puig Parellada | O6: 712020:5af7a3fc-6e7a-4877-a93a-01a122fcc36d | P6: Alberto Puig Parellada | Q6: 712020:5af7a3fc-6e7a-4877-a93a-01a122fcc36d | R6: Alberto Puig Parellada | S6: 712020:5af7a3fc-6e7a-4877-a93a-01a122fcc36d | T6: 45970.479 | U6: 45983.463 | Y6: 0 | Z6: Implementar la lógica para mostrar mensajes claros al usuario según el resultado del intento de pago (éxito, error, datos incorrectos, etc.). | AB6: Alberto Puig Parellada | AC6: 712020:5af7a3fc-6e7a-4877-a93a-01a122fcc36d | AR6: 0|i002lj: | AS6: Semanas 15 - 16 | AU6: 52.0 | AY6: Por hacer | AZ6: 45970.479 | BA6: 10169 | BB6: MIP-82 | BC6: Mostrar formulario de pago para la suscripción premium
A7: Probar el formulario de pago en diferentes dispositivos y navegadores | B7: MIP-452 | C7: 10936 | D7: Subtarea | E7: Tareas por hacer | F7: MIP | G7: Proyecto Intermodular | H7: software | I7: Alberto Puig Parellada | J7: 712020:5af7a3fc-6e7a-4877-a93a-01a122fcc36d | L7: Medium | N7: Alberto Puig Parellada | O7: 712020:5af7a3fc-6e7a-4877-a93a-01a122fcc36d | P7: Alberto Puig Parellada | Q7: 712020:5af7a3fc-6e7a-4877-a93a-01a122fcc36d | R7: Alberto Puig Parellada | S7: 712020:5af7a3fc-6e7a-4877-a93a-01a122fcc36d | T7: 45970.479 | U7: 45983.463 | Y7: 0 | Z7: Realizar pruebas funcionales y de usabilidad del formulario de pago en distintos dispositivos y navegadores para asegurar su correcto funcionamiento. | AB7: Alberto Puig Parellada | AC7: 712020:5af7a3fc-6e7a-4877-a93a-01a122fcc36d | AR7: 0|i002l3: | AS7: Semanas 15 - 16 | AU7: 52.0 | AY7: Por hacer | AZ7: 45970.479 | BA7: 10169 | BB7: MIP-82 | BC7: Mostrar formulario de pago para la suscripción premium
A8: Integrar el formulario con la pasarela de pago | B8: MIP-451 | C8: 10934 | D8: Subtarea | E8: Tareas por hacer | F8: MIP | G8: Proyecto Intermodular | H8: software | I8: Alberto Puig Parellada | J8: 712020:5af7a3fc-6e7a-4877-a93a-01a122fcc36d | L8: Medium | N8: Alberto Puig Parellada | O8: 712020:5af7a3fc-6e7a-4877-a93a-01a122fcc36d | P8: Alberto Puig Parellada | Q8: 712020:5af7a3fc-6e7a-4877-a93a-01a122fcc36d | R8: Alberto Puig Parellada | S8: 712020:5af7a3fc-6e7a-4877-a93a-01a122fcc36d | T8: 45970.479 | U8: 45983.463 | Y8: 0 | Z8: Conectar el formulario de pago con la pasarela de pago seleccionada para procesar los pagos de la suscripción premium. | AB8: Alberto Puig Parellada | AC8: 712020:5af7a3fc-6e7a-4877-a93a-01a122fcc36d | AR8: 0|i002lb: | AS8: Semanas 15 - 16 | AU8: 52.0 | AY8: Por hacer | AZ8: 45970.479 | BA8: 10169 | BB8: MIP-82 | BC8: Mostrar formulario de pago para la suscripción premium
A9: Implementar campos y validaciones del formulario de pago | B9: MIP-450 | C9: 10935 | D9: Subtarea | E9: Tareas por hacer | F9: MIP | G9: Proyecto Intermodular | H9: software | I9: Alberto Puig Parellada | J9: 712020:5af7a3fc-6e7a-4877-a93a-01a122fcc36d | L9: Medium | N9: Alberto Puig Parellada | O9: 712020:5af7a3fc-6e7a-4877-a93a-01a122fcc36d | P9: Alberto Puig Parellada | Q9: 712020:5af7a3fc-6e7a-4877-a93a-01a122fcc36d | R9: Alberto Puig Parellada | S9: 712020:5af7a3fc-6e7a-4877-a93a-01a122fcc36d | T9: 45970.479 | U9: 45983.463 | Y9: 0 | Z9: Desarrollar los campos necesarios (nombre, número de tarjeta, fecha de expiración, CVV, etc.) y agregar validaciones para asegurar la correcta introducción de los datos. | AB9: Alberto Puig Parellada | AC9: 712020:5af7a3fc-6e7a-4877-a93a-01a122fcc36d | AR9: 0|i002kv: | AS9: Semanas 15 - 16 | AU9: 52.0 | AY9: Por hacer | AZ9: 45970.479 | BA9: 10169 | BB9: MIP-82 | BC9: Mostrar formulario de pago para la suscripción premium
A10: Realizar pruebas de visualización de anuncios en diferentes dispositivos | B10: MIP-449 | C10: 10929 | D10: Subtarea | E10: Tareas por hacer | F10: MIP | G10: Proyecto Intermodular | H10: software | I10: Alberto Puig Parellada | J10: 712020:5af7a3fc-6e7a-4877-a93a-01a122fcc36d | L10: Medium | N10: Alberto Puig Parellada | O10: 712020:5af7a3fc-6e7a-4877-a93a-01a122fcc36d | P10: Alberto Puig Parellada | Q10: 712020:5af7a3fc-6e7a-4877-a93a-01a122fcc36d | R10: Alberto Puig Parellada | S10: 712020:5af7a3fc-6e7a-4877-a93a-01a122fcc36d | T10: 45970.479 | U10: 45983.464 | Y10: 0 | Z10: Probar la correcta visualización y funcionamiento de los anuncios en las listas de quedadas en distintos dispositivos y resoluciones. | AB10: Alberto Puig Parellada | AC10: 712020:5af7a3fc-6e7a-4877-a93a-01a122fcc36d | AR10: 0|i002kn: | AS10: Semanas 17 - 18 | AU10: 22.0 | AY10: Por hacer | AZ10: 45970.479 | BA10: 10163 | BB10: MIP-79 | BC10: Mostrar anuncios en las listas de quedadas
A11: Implementar la lógica para mostrar anuncios solo a usuarios no premium | B11: MIP-448 | C11: 10927 | D11: Subtarea | E11: Tareas por hacer | F11: MIP | G11: Proyecto Intermodular | H11: software | I11: Alberto Puig Parellada | J11: 712020:5af7a3fc-6e7a-4877-a93a-01a122fcc36d | L11: Medium | N11: Alberto Puig Parellada | O11: 712020:5af7a3fc-6e7a-4877-a93a-01a122fcc36d | P11: Alberto Puig Parellada | Q11: 712020:5af7a3fc-6e7a-4877-a93a-01a122fcc36d | R11: Alberto Puig Parellada | S11: 712020:5af7a3fc-6e7a-4877-a93a-01a122fcc36d | T11: 45970.479 | U11: 45983.463 | Y11: 0 | Z11: Desarrollar la funcionalidad que verifica el tipo de usuario y muestra anuncios únicamente a los usuarios no premium en las listas de quedadas. | AB11: Alberto Puig Parellada | AC11: 712020:5af7a3fc-6e7a-4877-a93a-01a122fcc36d | AR11: 0|i002kf: | AS11: Semanas 17 - 18 | AU11: 22.0 | AY11: Por hacer | AZ11: 45970.479 | BA11: 10163 | BB11: MIP-79 | BC11: Mostrar anuncios en las listas de quedadas
A12: Recopilar métricas básicas de visualización de anuncios | B12: MIP-446 | C12: 10926 | D12: Subtarea | E12: Tareas por hacer | F12: MIP | G12: Proyecto Intermodular | H12: software | I12: Alberto Puig Parellada | J12: 712020:5af7a3fc-6e7a-4877-a93a-01a122fcc36d | L12: Medium | N12: Alberto Puig Parellada | O12: 712020:5af7a3fc-6e7a-4877-a93a-01a122fcc36d | P12: Alberto Puig Parellada | Q12: 712020:5af7a3fc-6e7a-4877-a93a-01a122fcc36d | R12: Alberto Puig Parellada | S12: 712020:5af7a3fc-6e7a-4877-a93a-01a122fcc36d | T12: 45970.479 | U12: 45983.463 | Y12: 0 | Z12: Implementar la recopilación de datos sobre la visualización de anuncios (impresiones, clics) para futuras mejoras y análisis. | AB12: Alberto Puig Parellada | AC12: 712020:5af7a3fc-6e7a-4877-a93a-01a122fcc36d | AR12: 0|i002k7: | AS12: Semanas 17 - 18 | AU12: 22.0 | AY12: Por hacer | AZ12: 45970.479 | BA12: 10163 | BB12: MIP-79 | BC12: Mostrar anuncios en las listas de quedadas
A13: Integrar el sistema de anuncios con el backend de las listas de quedadas | B13: MIP-447 | C13: 10925 | D13: Subtarea | E13: Tareas por hacer | F13: MIP | G13: Proyecto Intermodular | H13: software | I13: Alberto Puig Parellada | J13: 712020:5af7a3fc-6e7a-4877-a93a-01a122fcc36d | L13: Medium | N13: Alberto Puig Parellada | O13: 712020:5af7a3fc-6e7a-4877-a93a-01a122fcc36d | P13: Alberto Puig Parellada | Q13: 712020:5af7a3fc-6e7a-4877-a93a-01a122fcc36d | R13: Alberto Puig Parellada | S13: 712020:5af7a3fc-6e7a-4877-a93a-01a122fcc36d | T13: 45970.479 | U13: 45983.463 | Y13: 0 | Z13: Conectar el sistema de anuncios existente o nuevo con el backend que gestiona las listas de quedadas para que los anuncios se carguen dinámicamente. | AB13: Alberto Puig Parellada | AC13: 712020:5af7a3fc-6e7a-4877-a93a-01a122fcc36d | AR13: 0|i002jz: | AS13: Semanas 17 - 18 | AU13: 22.0 | AY13: Por hacer | AZ13: 45970.479 | BA13: 10163 | BB13: MIP-79 | BC13: Mostrar anuncios en las listas de quedadas
A14: Implementar el botón de premium en la interfaz del perfil | B14: MIP-444 | C14: 10921 | D14: Subtarea | E14: Tareas por hacer | F14: MIP | G14: Proyecto Intermodular | H14: software | I14: Alberto Puig Parellada | J14: 712020:5af7a3fc-6e7a-4877-a93a-01a122fcc36d | L14: Medium | N14: Alberto Puig Parellada | O14: 712020:5af7a3fc-6e7a-4877-a93a-01a122fcc36d | P14: Alberto Puig Parellada | Q14: 712020:5af7a3fc-6e7a-4877-a93a-01a122fcc36d | R14: Alberto Puig Parellada | S14: 712020:5af7a3fc-6e7a-4877-a93a-01a122fcc36d | T14: 45970.478 | U14: 45983.463 | Y14: 0 | Z14: Agregar el botón de premium en la vista del perfil de usuario, asegurando su correcta ubicación y visibilidad. | AB14: Alberto Puig Parellada | AC14: 712020:5af7a3fc-6e7a-4877-a93a-01a122fcc36d | AR14: 0|i002jr: | AS14: Semana 10 | AU14: 38.0 | AY14: Por hacer | AZ14: 45970.478 | BA14: 10165 | BB14: MIP-80 | BC14: Mostrar botón de premium en el perfil
... A135: Gestionar estados vacíos y errores en la lista de amistades | B135: MIP-324 | C135: 10679 | D135: Subtarea | E135: Tareas por hacer | F135: MIP | G135: Proyecto Intermodular | H135: software | I135: Alberto Puig Parellada | J135: 712020:5af7a3fc-6e7a-4877-a93a-01a122fcc36d | L135: Medium | N135: Alberto Puig Parellada | O135: 712020:5af7a3fc-6e7a-4877-a93a-01a122fcc36d | P135: Alberto Puig Parellada | Q135: 712020:5af7a3fc-6e7a-4877-a93a-01a122fcc36d | R135: Alberto Puig Parellada | S135: 712020:5af7a3fc-6e7a-4877-a93a-01a122fcc36d | T135: 45970.474 | U135: 45982.856 | Y135: 0 | Z135: Implementar el manejo de casos en los que el usuario no tenga amistades o se produzca un error al cargar la lista, mostrando mensajes apropiados. | AB135: Alberto Puig Parellada | AC135: 712020:5af7a3fc-6e7a-4877-a93a-01a122fcc36d | AR135: 0|i001sv: | AS135: Semana 9 | AU135: 15.0 | AY135: Por hacer | AZ135: 45970.474 | BA135: 10239 | BB135: MIP-120 | BC135: Mostrar lista de amistades
A136: Mostrar la lista de amistades en la interfaz de usuario | B136: MIP-323 | C136: 10677 | D136: Subtarea | E136: Tareas por hacer | F136: MIP | G136: Proyecto Intermodular | H136: software | I136: Alberto Puig Parellada | J136: 712020:5af7a3fc-6e7a-4877-a93a-01a122fcc36d | L136: Medium | N136: Alberto Puig Parellada | O136: 712020:5af7a3fc-6e7a-4877-a93a-01a122fcc36d | P136: Alberto Puig Parellada | Q136: 712020:5af7a3fc-6e7a-4877-a93a-01a122fcc36d | R136: Alberto Puig Parellada | S136: 712020:5af7a3fc-6e7a-4877-a93a-01a122fcc36d | T136: 45970.474 | U136: 45982.856 | V136: 45982.824 | Y136: 0 | Z136: Programar la visualización de la lista de amistades en la aplicación, mostrando los datos relevantes de cada amigo. | AB136: Alberto Puig Parellada | AC136: 712020:5af7a3fc-6e7a-4877-a93a-01a122fcc36d | AR136: 0|i001sn: | AS136: Semana 9 | AU136: 15.0 | AY136: Por hacer | AZ136: 45970.474 | BA136: 10239 | BB136: MIP-120 | BC136: Mostrar lista de amistades
A137: Implementar la lógica para obtener la lista de amistades del backend | B137: MIP-322 | C137: 10675 | D137: Subtarea | E137: Tareas por hacer | F137: MIP | G137: Proyecto Intermodular | H137: software | I137: Alberto Puig Parellada | J137: 712020:5af7a3fc-6e7a-4877-a93a-01a122fcc36d | L137: Medium | N137: Alberto Puig Parellada | O137: 712020:5af7a3fc-6e7a-4877-a93a-01a122fcc36d | P137: Alberto Puig Parellada | Q137: 712020:5af7a3fc-6e7a-4877-a93a-01a122fcc36d | R137: Alberto Puig Parellada | S137: 712020:5af7a3fc-6e7a-4877-a93a-01a122fcc36d | T137: 45970.474 | U137: 45982.856 | Y137: 0 | Z137: Desarrollar la funcionalidad que permite recuperar la lista de amistades asociadas al usuario desde el servidor o base de datos. | AB137: Alberto Puig Parellada | AC137: 712020:5af7a3fc-6e7a-4877-a93a-01a122fcc36d | AR137: 0|i001sf: | AS137: Semana 9 | AU137: 15.0 | AY137: Por hacer | AZ137: 45970.474 | BA137: 10239 | BB137: MIP-120 | BC137: Mostrar lista de amistades
A138: Condicionar la visibilidad del botón según el estado de amistad | B138: MIP-321 | C138: 10670 | D138: Subtarea | E138: Tareas por hacer | F138: MIP | G138: Proyecto Intermodular | H138: software | I138: Alberto Puig Parellada | J138: 712020:5af7a3fc-6e7a-4877-a93a-01a122fcc36d | L138: Medium | N138: Alberto Puig Parellada | O138: 712020:5af7a3fc-6e7a-4877-a93a-01a122fcc36d | P138: Alberto Puig Parellada | Q138: 712020:5af7a3fc-6e7a-4877-a93a-01a122fcc36d | R138: Alberto Puig Parellada | S138: 712020:5af7a3fc-6e7a-4877-a93a-01a122fcc36d | T138: 45970.474 | U138: 45982.856 | Y138: 0 | Z138: Asegurarse de que el botón solo se muestre a usuarios que aún no son amigos, ocultándolo en caso contrario. | AB138: Alberto Puig Parellada | AC138: 712020:5af7a3fc-6e7a-4877-a93a-01a122fcc36d | AR138: 0|i001s7: | AS138: Semana 9 | AU138: 11.0 | AY138: Por hacer | AZ138: 45970.474 | BA138: 10236 | BB138: MIP-118 | BC138: Mostrar botón de añadir amigo
A139: Implementar la lógica para mostrar el botón de añadir amigo | B139: MIP-320 | C139: 10673 | D139: Subtarea | E139: Tareas por hacer | F139: MIP | G139: Proyecto Intermodular | H139: software | I139: Alberto Puig Parellada | J139: 712020:5af7a3fc-6e7a-4877-a93a-01a122fcc36d | L139: Medium | N139: Alberto Puig Parellada | O139: 712020:5af7a3fc-6e7a-4877-a93a-01a122fcc36d | P139: Alberto Puig Parellada | Q139: 712020:5af7a3fc-6e7a-4877-a93a-01a122fcc36d | R139: Alberto Puig Parellada | S139: 712020:5af7a3fc-6e7a-4877-a93a-01a122fcc36d | T139: 45970.474 | U139: 45982.856 | Y139: 0 | Z139: Desarrollar el código necesario para que el botón de añadir amigo se muestre en la interfaz de usuario en los lugares apropiados. | AB139: Alberto Puig Parellada | AC139: 712020:5af7a3fc-6e7a-4877-a93a-01a122fcc36d | AR139: 0|i001rz: | AS139: Semana 9 | AU139: 11.0 | AY139: Por hacer | AZ139: 45970.474 | BA139: 10236 | BB139: MIP-118 | BC139: Mostrar botón de añadir amigo
A140: Realizar pruebas de visualización del botón de añadir amigo | B140: MIP-319 | C140: 10672 | D140: Subtarea | E140: Tareas por hacer | F140: MIP | G140: Proyecto Intermodular | H140: software | I140: Alberto Puig Parellada | J140: 712020:5af7a3fc-6e7a-4877-a93a-01a122fcc36d | L140: Medium | N140: Alberto Puig Parellada | O140: 712020:5af7a3fc-6e7a-4877-a93a-01a122fcc36d | P140: Alberto Puig Parellada | Q140: 712020:5af7a3fc-6e7a-4877-a93a-01a122fcc36d | R140: Alberto Puig Parellada | S140: 712020:5af7a3fc-6e7a-4877-a93a-01a122fcc36d | T140: 45970.474 | U140: 45982.856 | Y140: 0 | Z140: Verificar que el botón se muestre correctamente en todos los dispositivos y resoluciones soportadas por la aplicación. | AB140: Alberto Puig Parellada | AC140: 712020:5af7a3fc-6e7a-4877-a93a-01a122fcc36d | AR140: 0|i001rr: | AS140: Semana 9 | AU140: 11.0 | AY140: Por hacer | AZ140: 45970.474 | BA140: 10236 | BB140: MIP-118 | BC140: Mostrar botón de añadir amigo
A141: Diseñar el botón de añadir amigo | B141: MIP-318 | C141: 10669 | D141: Subtarea | E141: Tareas por hacer | F141: MIP | G141: Proyecto Intermodular | H141: software | I141: Alberto Puig Parellada | J141: 712020:5af7a3fc-6e7a-4877-a93a-01a122fcc36d | L141: Medium | N141: Alberto Puig Parellada | O141: 712020:5af7a3fc-6e7a-4877-a93a-01a122fcc36d | P141: Alberto Puig Parellada | Q141: 712020:5af7a3fc-6e7a-4877-a93a-01a122fcc36d | R141: Alberto Puig Parellada | S141: 712020:5af7a3fc-6e7a-4877-a93a-01a122fcc36d | T141: 45970.474 | U141: 45982.856 | Y141: 0 | Z141: Crear el diseño visual del botón de añadir amigo siguiendo la guía de estilos de la aplicación. | AB141: Alberto Puig Parellada | AC141: 712020:5af7a3fc-6e7a-4877-a93a-01a122fcc36d | AR141: 0|i001rj: | AS141: Semana 9 | AU141: 11.0 | AY141: Por hacer | AZ141: 45970.474 | BA141: 10236 | BB141: MIP-118 | BC141: Mostrar botón de añadir amigo
A142: Mostrar información básica del usuario en el perfil | B142: MIP-317 | C142: 10665 | D142: Subtarea | E142: Tareas por hacer | F142: MIP | G142: Proyecto Intermodular | H142: software | I142: Alberto Puig Parellada | J142: 712020:5af7a3fc-6e7a-4877-a93a-01a122fcc36d | L142: Medium | N142: Alberto Puig Parellada | O142: 712020:5af7a3fc-6e7a-4877-a93a-01a122fcc36d | P142: Alberto Puig Parellada | Q142: 712020:5af7a3fc-6e7a-4877-a93a-01a122fcc36d | R142: Alberto Puig Parellada | S142: 712020:5af7a3fc-6e7a-4877-a93a-01a122fcc36d | T142: 45970.474 | U142: 45982.856 | Y142: 0 | Z142: Desplegar datos como nombre, foto, biografía y otra información relevante en la pantalla de perfil. | AB142: Alberto Puig Parellada | AC142: 712020:5af7a3fc-6e7a-4877-a93a-01a122fcc36d | AR142: 0|i001rb: | AS142: Semana 9 | AU142: 10.0 | AY142: Por hacer | AZ142: 45970.474 | BA142: 10234 | BB142: MIP-117 | BC142: Ver detalles del perfil de un usuario
A143: Agregar opción para reportar usuario desde el perfil | B143: MIP-316 | C143: 10664 | D143: Subtarea | E143: Tareas por hacer | F143: MIP | G143: Proyecto Intermodular | H143: software | I143: Alberto Puig Parellada | J143: 712020:5af7a3fc-6e7a-4877-a93a-01a122fcc36d | L143: Medium | N143: Alberto Puig Parellada | O143: 712020:5af7a3fc-6e7a-4877-a93a-01a122fcc36d | P143: Alberto Puig Parellada | Q143: 712020:5af7a3fc-6e7a-4877-a93a-01a122fcc36d | R143: Alberto Puig Parellada | S143: 712020:5af7a3fc-6e7a-4877-a93a-01a122fcc36d | T143: 45970.474 | U143: 45982.856 | Y143: 0 | Z143: Implementar un botón o enlace que permita a los usuarios reportar a otro usuario directamente desde su perfil. | AB143: Alberto Puig Parellada | AC143: 712020:5af7a3fc-6e7a-4877-a93a-01a122fcc36d | AR143: 0|i001r3: | AS143: Semana 9 | AU143: 10.0 | AY143: Por hacer | AZ143: 45970.474 | BA143: 10234 | BB143: MIP-117 | BC143: Ver detalles del perfil de un usuario
A144: Agregar opción para añadir usuario como amigo desde el perfil | B144: MIP-315 | C144: 10662 | D144: Subtarea | E144: Tareas por hacer | F144: MIP | G144: Proyecto Intermodular | H144: software | I144: Alberto Puig Parellada | J144: 712020:5af7a3fc-6e7a-4877-a93a-01a122fcc36d | L144: Medium | N144: Alberto Puig Parellada | O144: 712020:5af7a3fc-6e7a-4877-a93a-01a122fcc36d | P144: Alberto Puig Parellada | Q144: 712020:5af7a3fc-6e7a-4877-a93a-01a122fcc36d | R144: Alberto Puig Parellada | S144: 712020:5af7a3fc-6e7a-4877-a93a-01a122fcc36d | T144: 45970.474 | U144: 45982.856 | Y144: 0 | Z144: Incluir una funcionalidad que permita enviar una solicitud de amistad al usuario desde su perfil. | AB144: Alberto Puig Parellada | AC144: 712020:5af7a3fc-6e7a-4877-a93a-01a122fcc36d | AR144: 0|i001qv: | AS144: Semana 9 | AU144: 10.0 | AY144: Por hacer | AZ144: 45970.474 | BA144: 10234 | BB144: MIP-117 | BC144: Ver detalles del perfil de un usuario
A145: Implementar la obtención de datos del perfil de usuario | B145: MIP-314 | C145: 10663 | D145: Subtarea | E145: Tareas por hacer | F145: MIP | G145: Proyecto Intermodular | H145: software | I145: Alberto Puig Parellada | J145: 712020:5af7a3fc-6e7a-4877-a93a-01a122fcc36d | L145: Medium | N145: Alberto Puig Parellada | O145: 712020:5af7a3fc-6e7a-4877-a93a-01a122fcc36d | P145: Alberto Puig Parellada | Q145: 712020:5af7a3fc-6e7a-4877-a93a-01a122fcc36d | R145: Alberto Puig Parellada | S145: 712020:5af7a3fc-6e7a-4877-a93a-01a122fcc36d | T145: 45970.474 | U145: 45982.856 | Y145: 0 | Z145: Desarrollar la lógica para recuperar la información del perfil de usuario desde la base de datos o API. | AB145: Alberto Puig Parellada | AC145: 712020:5af7a3fc-6e7a-4877-a93a-01a122fcc36d | AR145: 0|i001qf: | AS145: Semana 9 | AU145: 10.0 | AY145: Por hacer | AZ145: 45970.474 | BA145: 10234 | BB145: MIP-117 | BC145: Ver detalles del perfil de un usuario
A146: Realizar pruebas de visualización y funcionalidad del perfil de usuario | B146: MIP-313 | C146: 10660 | D146: Subtarea | E146: Tareas por hacer | F146: MIP | G146: Proyecto Intermodular | H146: software | I146: Alberto Puig Parellada | J146: 712020:5af7a3fc-6e7a-4877-a93a-01a122fcc36d | L146: Medium | N146: Alberto Puig Parellada | O146: 712020:5af7a3fc-6e7a-4877-a93a-01a122fcc36d | P146: Alberto Puig Parellada | Q146: 712020:5af7a3fc-6e7a-4877-a93a-01a122fcc36d | R146: Alberto Puig Parellada | S146: 712020:5af7a3fc-6e7a-4877-a93a-01a122fcc36d | T146: 45970.474 | U146: 45982.856 | Y146: 0 | Z146: Probar que la información se muestra correctamente y que las acciones (reportar, añadir amigo) funcionan como se espera. | AB146: Alberto Puig Parellada | AC146: 712020:5af7a3fc-6e7a-4877-a93a-01a122fcc36d | AR146: 0|i001qn: | AS146: Semana 9 | AU146: 10.0 | AY146: Por hacer | AZ146: 45970.474 | BA146: 10234 | BB146: MIP-117 | BC146: Ver detalles del perfil de un usuario
A147: Realizar pruebas de usabilidad del botón de ver perfil | B147: MIP-312 | C147: 10655 | D147: Subtarea | E147: Tareas por hacer | F147: MIP | G147: Proyecto Intermodular | H147: software | I147: Alberto Puig Parellada | J147: 712020:5af7a3fc-6e7a-4877-a93a-01a122fcc36d | L147: Medium | N147: Alberto Puig Parellada | O147: 712020:5af7a3fc-6e7a-4877-a93a-01a122fcc36d | P147: Alberto Puig Parellada | Q147: 712020:5af7a3fc-6e7a-4877-a93a-01a122fcc36d | R147: Alberto Puig Parellada | S147: 712020:5af7a3fc-6e7a-4877-a93a-01a122fcc36d | T147: 45970.474 | U147: 45982.856 | Y147: 0 | Z147: Probar la funcionalidad del botón de ver perfil en las secciones de quedadas, grupos y chats para asegurar que es accesible y funciona correctamente. | AB147: Alberto Puig Parellada | AC147: 712020:5af7a3fc-6e7a-4877-a93a-01a122fcc36d | AR147: 0|i001q7: | AS147: Semana 9 | AU147: 11.0 | AY147: Por hacer | AZ147: 45970.474 | BA147: 10232 | BB147: MIP-116 | BC147: Mostrar botón de ver usuario en los usuarios de las quedadas, grupos y chats
A148: Implementar el botón de ver perfil en la lista de usuarios de grupos | B148: MIP-309 | C148: 10653 | D148: Subtarea | E148: Tareas por hacer | F148: MIP | G148: Proyecto Intermodular | H148: software | I148: Alberto Puig Parellada | J148: 712020:5af7a3fc-6e7a-4877-a93a-01a122fcc36d | L148: Medium | N148: Alberto Puig Parellada | O148: 712020:5af7a3fc-6e7a-4877-a93a-01a122fcc36d | P148: Alberto Puig Parellada | Q148: 712020:5af7a3fc-6e7a-4877-a93a-01a122fcc36d | R148: Alberto Puig Parellada | S148: 712020:5af7a3fc-6e7a-4877-a93a-01a122fcc36d | T148: 45970.474 | U148: 45982.856 | Y148: 0 | Z148: Agregar el botón de ver perfil junto a cada usuario en la sección de grupos, permitiendo la navegación al perfil del usuario seleccionado. | AB148: Alberto Puig Parellada | AC148: 712020:5af7a3fc-6e7a-4877-a93a-01a122fcc36d | AR148: 0|i001pz: | AS148: Semana 9 | AU148: 11.0 | AY148: Por hacer | AZ148: 45970.474 | BA148: 10232 | BB148: MIP-116 | BC148: Mostrar botón de ver usuario en los usuarios de las quedadas, grupos y chats
... A335: Mostrar botón de modificar quedada | B335: MIP-124 | C335: 10247 | D335: Historia | E335: Tareas por hacer | F335: MIP | G335: Proyecto Intermodular | H335: software | I335: Alberto Puig Parellada | J335: 712020:5af7a3fc-6e7a-4877-a93a-01a122fcc36d | L335: Medium | N335: Alberto Puig Parellada | O335: 712020:5af7a3fc-6e7a-4877-a93a-01a122fcc36d | P335: Alberto Puig Parellada | Q335: 712020:5af7a3fc-6e7a-4877-a93a-01a122fcc36d | R335: Alberto Puig Parellada | S335: 712020:5af7a3fc-6e7a-4877-a93a-01a122fcc36d | T335: 45968.543 | U335: 45983.059 | Y335: 0 | Z335: Como usuario creador/administrador de una quedada quiero ver un botón de modificar quedada para ver el formulario de modificación de la quedada | AB335: Alberto Puig Parellada | AC335: 712020:5af7a3fc-6e7a-4877-a93a-01a122fcc36d | AR335: 0|hzzzzy:zzzzzzi | AS335: Semanas 11 - 12 | AU335: 50.0 | AY335: Por hacer | AZ335: 45968.543 | BA335: 10228 | BB335: MIP-113 | BC335: Modificación de una quedada con confirmación
A336: Confirmar filtros | B336: MIP-123 | C336: 10245 | D336: Historia | E336: Tareas por hacer | F336: MIP | G336: Proyecto Intermodular | H336: software | I336: Alberto Puig Parellada | J336: 712020:5af7a3fc-6e7a-4877-a93a-01a122fcc36d | L336: Medium | N336: Alberto Puig Parellada | O336: 712020:5af7a3fc-6e7a-4877-a93a-01a122fcc36d | P336: Alberto Puig Parellada | Q336: 712020:5af7a3fc-6e7a-4877-a93a-01a122fcc36d | R336: Alberto Puig Parellada | S336: 712020:5af7a3fc-6e7a-4877-a93a-01a122fcc36d | T336: 45968.54 | U336: 45983.078 | V336: 45982.809 | Y336: 0 | Z336: Como usuario quiero poder aplicar los filtros escogidos a la hora de buscar los usuarios añadidos a amigos para que éstos se apliquen y se muestren los resultados de mi búsqueda | AB336: Alberto Puig Parellada | AC336: 712020:5af7a3fc-6e7a-4877-a93a-01a122fcc36d | AR336: 0|hzzzzy:zzzzzi | AS336: Semana 9 | AU336: 17.0 | AY336: Por hacer | AZ336: 45968.54 | BA336: 10237 | BB336: MIP-119 | BC336: Lista de amistades
A337: Mostrar filtros de búsqueda | B337: MIP-122 | C337: 10243 | D337: Historia | E337: Tareas por hacer | F337: MIP | G337: Proyecto Intermodular | H337: software | I337: Alberto Puig Parellada | J337: 712020:5af7a3fc-6e7a-4877-a93a-01a122fcc36d | L337: Medium | N337: Alberto Puig Parellada | O337: 712020:5af7a3fc-6e7a-4877-a93a-01a122fcc36d | P337: Alberto Puig Parellada | Q337: 712020:5af7a3fc-6e7a-4877-a93a-01a122fcc36d | R337: Alberto Puig Parellada | S337: 712020:5af7a3fc-6e7a-4877-a93a-01a122fcc36d | T337: 45968.54 | U337: 45983.078 | Y337: 0 | Z337: Como usuario quiero ver los filtros que hay disponibles para poder buscar mis usuarios añadidos como amigos según el criterio escogido | AB337: Alberto Puig Parellada | AC337: 712020:5af7a3fc-6e7a-4877-a93a-01a122fcc36d | AR337: 0|hzzzzy:zzzzx | AS337: Semana 9 | AU337: 16.0 | AY337: Por hacer | AZ337: 45968.54 | BA337: 10237 | BB337: MIP-119 | BC337: Lista de amistades
A338: Mostrar barra de búsqueda | B338: MIP-121 | C338: 10241 | D338: Historia | E338: Tareas por hacer | F338: MIP | G338: Proyecto Intermodular | H338: software | I338: Alberto Puig Parellada | J338: 712020:5af7a3fc-6e7a-4877-a93a-01a122fcc36d | L338: Medium | N338: Alberto Puig Parellada | O338: 712020:5af7a3fc-6e7a-4877-a93a-01a122fcc36d | P338: Alberto Puig Parellada | Q338: 712020:5af7a3fc-6e7a-4877-a93a-01a122fcc36d | R338: Alberto Puig Parellada | S338: 712020:5af7a3fc-6e7a-4877-a93a-01a122fcc36d | T338: 45968.54 | U338: 45983.078 | Y338: 0 | Z338: Como usuario quiero ver una barra de búsqueda para poder buscar usuarios por texto | AB338: Alberto Puig Parellada | AC338: 712020:5af7a3fc-6e7a-4877-a93a-01a122fcc36d | AR338: 0|hzzzzy:zzzzr | AS338: Semana 9 | AU338: 16.0 | AY338: Por hacer | AZ338: 45968.54 | BA338: 10237 | BB338: MIP-119 | BC338: Lista de amistades
A339: Mostrar lista de amistades | B339: MIP-120 | C339: 10239 | D339: Historia | E339: Tareas por hacer | F339: MIP | G339: Proyecto Intermodular | H339: software | I339: Alberto Puig Parellada | J339: 712020:5af7a3fc-6e7a-4877-a93a-01a122fcc36d | L339: Medium | N339: Alberto Puig Parellada | O339: 712020:5af7a3fc-6e7a-4877-a93a-01a122fcc36d | P339: Alberto Puig Parellada | Q339: 712020:5af7a3fc-6e7a-4877-a93a-01a122fcc36d | R339: Alberto Puig Parellada | S339: 712020:5af7a3fc-6e7a-4877-a93a-01a122fcc36d | T339: 45968.54 | U339: 45983.078 | V339: 45982.824 | Y339: 0 | Z339: Como usuario quiero poder ver mi lista de amistades para saber y gestionar los usuarios que he añadido como amigos | AB339: Alberto Puig Parellada | AC339: 712020:5af7a3fc-6e7a-4877-a93a-01a122fcc36d | AR339: 0|hzzzzy:zzzz | AS339: Semana 9 | AU339: 15.0 | AY339: Por hacer | AZ339: 45968.54 | BA339: 10237 | BB339: MIP-119 | BC339: Lista de amistades
A340: Lista de amistades | B340: MIP-119 | C340: 10237 | D340: Epic | E340: Tareas por hacer | F340: MIP | G340: Proyecto Intermodular | H340: software | I340: Alberto Puig Parellada | J340: 712020:5af7a3fc-6e7a-4877-a93a-01a122fcc36d | L340: Medium | N340: Alberto Puig Parellada | O340: 712020:5af7a3fc-6e7a-4877-a93a-01a122fcc36d | P340: Alberto Puig Parellada | Q340: 712020:5af7a3fc-6e7a-4877-a93a-01a122fcc36d | R340: Alberto Puig Parellada | S340: 712020:5af7a3fc-6e7a-4877-a93a-01a122fcc36d | T340: 45968.539 | U340: 45983.078 | V340: 45983.435 | Y340: 0 | AB340: Alberto Puig Parellada | AC340: 712020:5af7a3fc-6e7a-4877-a93a-01a122fcc36d | AQ340: purple | AR340: 0|i00030:i | AU340: 15.0 | AY340: Por hacer | AZ340: 45968.539
A341: Mostrar botón de añadir amigo | B341: MIP-118 | C341: 10236 | D341: Historia | E341: Tareas por hacer | F341: MIP | G341: Proyecto Intermodular | H341: software | I341: Alberto Puig Parellada | J341: 712020:5af7a3fc-6e7a-4877-a93a-01a122fcc36d | L341: Medium | N341: Alberto Puig Parellada | O341: 712020:5af7a3fc-6e7a-4877-a93a-01a122fcc36d | P341: Alberto Puig Parellada | Q341: 712020:5af7a3fc-6e7a-4877-a93a-01a122fcc36d | R341: Alberto Puig Parellada | S341: 712020:5af7a3fc-6e7a-4877-a93a-01a122fcc36d | T341: 45968.538 | U341: 45983.535 | V341: 45983.535 | Y341: 0 | Z341: Como usuario quiero ver un botón de añadir amigo en los usuario sq ue vea en la web para poder añadir al usuario a mi lista de amigos | AB341: Alberto Puig Parellada | AC341: 712020:5af7a3fc-6e7a-4877-a93a-01a122fcc36d | AR341: 0|hzzzzy:zzzv | AS341: Semana 9 | AU341: 11.0 | AY341: Por hacer | AZ341: 45968.538 | BA341: 10227 | BB341: MIP-112 | BC341: Añadir usuarios amigos
A342: Ver detalles del perfil de un usuario | B342: MIP-117 | C342: 10234 | D342: Historia | E342: Tareas por hacer | F342: MIP | G342: Proyecto Intermodular | H342: software | I342: Alberto Puig Parellada | J342: 712020:5af7a3fc-6e7a-4877-a93a-01a122fcc36d | L342: Medium | N342: Alberto Puig Parellada | O342: 712020:5af7a3fc-6e7a-4877-a93a-01a122fcc36d | P342: Alberto Puig Parellada | Q342: 712020:5af7a3fc-6e7a-4877-a93a-01a122fcc36d | R342: Alberto Puig Parellada | S342: 712020:5af7a3fc-6e7a-4877-a93a-01a122fcc36d | T342: 45968.536 | U342: 45983.078 | Y342: 0 | Z342: Como usuario quiero ver la información del perfil del usuario para poder conocer más acerca de un usuario o realizar acciones como reportar o añadir a amigos | AB342: Alberto Puig Parellada | AC342: 712020:5af7a3fc-6e7a-4877-a93a-01a122fcc36d | AR342: 0|hzzzzy:zzzi | AS342: Semana 9 | AU342: 10.0 | AY342: Por hacer | AZ342: 45968.536 | BA342: 10230 | BB342: MIP-115 | BC342: Ver perfiles de otros usuarios
A343: Mostrar botón de ver usuario en los usuarios de las quedadas, grupos y chats | B343: MIP-116 | C343: 10232 | D343: Historia | E343: Tareas por hacer | F343: MIP | G343: Proyecto Intermodular | H343: software | I343: Alberto Puig Parellada | J343: 712020:5af7a3fc-6e7a-4877-a93a-01a122fcc36d | L343: Medium | N343: Alberto Puig Parellada | O343: 712020:5af7a3fc-6e7a-4877-a93a-01a122fcc36d | P343: Alberto Puig Parellada | Q343: 712020:5af7a3fc-6e7a-4877-a93a-01a122fcc36d | R343: Alberto Puig Parellada | S343: 712020:5af7a3fc-6e7a-4877-a93a-01a122fcc36d | T343: 45968.535 | U343: 45983.078 | Y343: 0 | Z343: Como usuario quiero ver un botón de ver perfil en los usuarios que se muestren en la aplicación para poder acceder a la información del perfil del usuario | AB343: Alberto Puig Parellada | AC343: 712020:5af7a3fc-6e7a-4877-a93a-01a122fcc36d | AR343: 0|hzzzzy:zzy | AS343: Semana 9 | AU343: 11.0 | AY343: Por hacer | AZ343: 45968.535 | BA343: 10230 | BB343: MIP-115 | BC343: Ver perfiles de otros usuarios
A344: Ver perfiles de otros usuarios | B344: MIP-115 | C344: 10230 | D344: Epic | E344: Tareas por hacer | F344: MIP | G344: Proyecto Intermodular | H344: software | I344: Alberto Puig Parellada | J344: 712020:5af7a3fc-6e7a-4877-a93a-01a122fcc36d | L344: Medium | N344: Alberto Puig Parellada | O344: 712020:5af7a3fc-6e7a-4877-a93a-01a122fcc36d | P344: Alberto Puig Parellada | Q344: 712020:5af7a3fc-6e7a-4877-a93a-01a122fcc36d | R344: Alberto Puig Parellada | S344: 712020:5af7a3fc-6e7a-4877-a93a-01a122fcc36d | T344: 45968.535 | U344: 45983.078 | Y344: 0 | AB344: Alberto Puig Parellada | AC344: 712020:5af7a3fc-6e7a-4877-a93a-01a122fcc36d | AQ344: purple | AR344: 0|i00030: | AU344: 10.0 | AY344: Por hacer | AZ344: 45968.535
A345: Eliminación de una quedada con confirmación | B345: MIP-114 | C345: 10229 | D345: Epic | E345: Tareas por hacer | F345: MIP | G345: Proyecto Intermodular | H345: software | I345: Alberto Puig Parellada | J345: 712020:5af7a3fc-6e7a-4877-a93a-01a122fcc36d | L345: Medium | N345: Alberto Puig Parellada | O345: 712020:5af7a3fc-6e7a-4877-a93a-01a122fcc36d | P345: Alberto Puig Parellada | Q345: 712020:5af7a3fc-6e7a-4877-a93a-01a122fcc36d | R345: Alberto Puig Parellada | S345: 712020:5af7a3fc-6e7a-4877-a93a-01a122fcc36d | T345: 45968.533 | U345: 45983.084 | Y345: 0 | AB345: Alberto Puig Parellada | AC345: 712020:5af7a3fc-6e7a-4877-a93a-01a122fcc36d | AL345: MIP-5 | AQ345: purple | AR345: 0|i00017: | AU345: 45.0 | AY345: Por hacer | AZ345: 45968.533
A346: Modificación de una quedada con confirmación | B346: MIP-113 | C346: 10228 | D346: Epic | E346: Tareas por hacer | F346: MIP | G346: Proyecto Intermodular | H346: software | I346: Alberto Puig Parellada | J346: 712020:5af7a3fc-6e7a-4877-a93a-01a122fcc36d | L346: Medium | N346: Alberto Puig Parellada | O346: 712020:5af7a3fc-6e7a-4877-a93a-01a122fcc36d | P346: Alberto Puig Parellada | Q346: 712020:5af7a3fc-6e7a-4877-a93a-01a122fcc36d | R346: Alberto Puig Parellada | S346: 712020:5af7a3fc-6e7a-4877-a93a-01a122fcc36d | T346: 45968.533 | U346: 45983.085 | Y346: 0 | AB346: Alberto Puig Parellada | AC346: 712020:5af7a3fc-6e7a-4877-a93a-01a122fcc36d | AL346: MIP-5 | AQ346: purple | AR346: 0|i00013: | AU346: 50.0 | AY346: Por hacer | AZ346: 45968.533
A347: Añadir usuarios amigos | B347: MIP-112 | C347: 10227 | D347: Epic | E347: Tareas por hacer | F347: MIP | G347: Proyecto Intermodular | H347: software | I347: Alberto Puig Parellada | J347: 712020:5af7a3fc-6e7a-4877-a93a-01a122fcc36d | L347: Medium | N347: Alberto Puig Parellada | O347: 712020:5af7a3fc-6e7a-4877-a93a-01a122fcc36d | P347: Alberto Puig Parellada | Q347: 712020:5af7a3fc-6e7a-4877-a93a-01a122fcc36d | R347: Alberto Puig Parellada | S347: 712020:5af7a3fc-6e7a-4877-a93a-01a122fcc36d | T347: 45968.532 | U347: 45983.078 | Y347: 0 | AB347: Alberto Puig Parellada | AC347: 712020:5af7a3fc-6e7a-4877-a93a-01a122fcc36d | AQ347: purple | AR347: 0|i00030:9 | AU347: 10.0 | AY347: Por hacer | AZ347: 45968.532
A348: Crear endpoint para la verificación del correo electrónico | B348: MIP-111 | C348: 10225 | D348: Subtarea | E348: Tareas por hacer | F348: MIP | G348: Proyecto Intermodular | H348: software | I348: Alberto Puig Parellada | J348: 712020:5af7a3fc-6e7a-4877-a93a-01a122fcc36d | L348: Medium | N348: Alberto Puig Parellada | O348: 712020:5af7a3fc-6e7a-4877-a93a-01a122fcc36d | P348: Alberto Puig Parellada | Q348: 712020:5af7a3fc-6e7a-4877-a93a-01a122fcc36d | R348: Alberto Puig Parellada | S348: 712020:5af7a3fc-6e7a-4877-a93a-01a122fcc36d | T348: 45967.824 | U348: 45982.853 | Y348: 0 | Z348: Desarrollar un endpoint que reciba la solicitud de verificación y valide el token enviado al correo del usuario. | AB348: Alberto Puig Parellada | AC348: 712020:5af7a3fc-6e7a-4877-a93a-01a122fcc36d | AR348: 0|i000lr: | AS348: Semana 1 | AU348: 12.0 | AY348: Por hacer | AZ348: 45967.824 | BA348: 10063 | BB348: MIP-29 | BC348: Enviar correo de confirmación
A349: Implementar el envío automático del correo de confirmación | B349: MIP-110 | C349: 10226 | D349: Subtarea | E349: Tareas por hacer | F349: MIP | G349: Proyecto Intermodular | H349: software | I349: Alberto Puig Parellada | J349: 712020:5af7a3fc-6e7a-4877-a93a-01a122fcc36d | L349: Medium | N349: Alberto Puig Parellada | O349: 712020:5af7a3fc-6e7a-4877-a93a-01a122fcc36d | P349: Alberto Puig Parellada | Q349: 712020:5af7a3fc-6e7a-4877-a93a-01a122fcc36d | R349: Alberto Puig Parellada | S349: 712020:5af7a3fc-6e7a-4877-a93a-01a122fcc36d | T349: 45967.824 | U349: 45982.853 | Y349: 0 | Z349: Desarrollar la funcionalidad que envía automáticamente el correo de confirmación al usuario después de que se registre. | AB349: Alberto Puig Parellada | AC349: 712020:5af7a3fc-6e7a-4877-a93a-01a122fcc36d | AR349: 0|i000lj: | AS349: Semana 1 | AU349: 12.0 | AY349: Por hacer | AZ349: 45967.824 | BA349: 10063 | BB349: MIP-29 | BC349: Enviar correo de confirmación
A350: Gestionar mensajes de éxito y error en la verificación | B350: MIP-109 | C350: 10223 | D350: Subtarea | E350: Tareas por hacer | F350: MIP | G350: Proyecto Intermodular | H350: software | I350: Alberto Puig Parellada | J350: 712020:5af7a3fc-6e7a-4877-a93a-01a122fcc36d | L350: Medium | N350: Alberto Puig Parellada | O350: 712020:5af7a3fc-6e7a-4877-a93a-01a122fcc36d | P350: Alberto Puig Parellada | Q350: 712020:5af7a3fc-6e7a-4877-a93a-01a122fcc36d | R350: Alberto Puig Parellada | S350: 712020:5af7a3fc-6e7a-4877-a93a-01a122fcc36d | T350: 45967.824 | U350: 45982.853 | Y350: 0 | Z350: Implementar mensajes claros para el usuario en caso de éxito o error al verificar su correo electrónico. | AB350: Alberto Puig Parellada | AC350: 712020:5af7a3fc-6e7a-4877-a93a-01a122fcc36d | AR350: 0|i000l3: | AS350: Semana 1 | AU350: 12.0 | AY350: Por hacer | AZ350: 45967.824 | BA350: 10063 | BB350: MIP-29 | BC350: Enviar correo de confirmación
A351: Generar y almacenar el token de verificación | B351: MIP-108 | C351: 10224 | D351: Subtarea | E351: Tareas por hacer | F351: MIP | G351: Proyecto Intermodular | H351: software | I351: Alberto Puig Parellada | J351: 712020:5af7a3fc-6e7a-4877-a93a-01a122fcc36d | L351: Medium | N351: Alberto Puig Parellada | O351: 712020:5af7a3fc-6e7a-4877-a93a-01a122fcc36d | P351: Alberto Puig Parellada | Q351: 712020:5af7a3fc-6e7a-4877-a93a-01a122fcc36d | R351: Alberto Puig Parellada | S351: 712020:5af7a3fc-6e7a-4877-a93a-01a122fcc36d | T351: 45967.824 | U351: 45982.853 | Y351: 0 | Z351: Crear un sistema para generar un token único de verificación y almacenarlo asociado al usuario para validar la confirmación del correo. | AB351: Alberto Puig Parellada | AC351: 712020:5af7a3fc-6e7a-4877-a93a-01a122fcc36d | AR351: 0|i000lb: | AS351: Semana 1 | AU351: 12.0 | AY351: Por hacer | AZ351: 45967.824 | BA351: 10063 | BB351: MIP-29 | BC351: Enviar correo de confirmación
A352: Implementar el formulario de registro en la aplicación | B352: MIP-107 | C352: 10218 | D352: Subtarea | E352: Tareas por hacer | F352: MIP | G352: Proyecto Intermodular | H352: software | I352: Alberto Puig Parellada | J352: 712020:5af7a3fc-6e7a-4877-a93a-01a122fcc36d | L352: Medium | N352: Alberto Puig Parellada | O352: 712020:5af7a3fc-6e7a-4877-a93a-01a122fcc36d | P352: Alberto Puig Parellada | Q352: 712020:5af7a3fc-6e7a-4877-a93a-01a122fcc36d | R352: Alberto Puig Parellada | S352: 712020:5af7a3fc-6e7a-4877-a93a-01a122fcc36d | T352: 45967.824 | U352: 45982.853 | Y352: 0 | Z352: Desarrollar el formulario de registro en la aplicación, asegurando que los campos sean interactivos y permitan la introducción de datos por parte del usuario. | AB352: Alberto Puig Parellada | AC352: 712020:5af7a3fc-6e7a-4877-a93a-01a122fcc36d | AR352: 0|i000kv: | AS352: Semana 1 | AU352: 10.0 | AY352: Por hacer | AZ352: 45967.824 | BA352: 10061 | BB352: MIP-28 | BC352: Ver el formulario de registro
A353: Validar los campos del formulario de registro | B353: MIP-106 | C353: 10217 | D353: Subtarea | E353: Tareas por hacer | F353: MIP | G353: Proyecto Intermodular | H353: software | I353: Alberto Puig Parellada | J353: 712020:5af7a3fc-6e7a-4877-a93a-01a122fcc36d | L353: Medium | N353: Alberto Puig Parellada | O353: 712020:5af7a3fc-6e7a-4877-a93a-01a122fcc36d | P353: Alberto Puig Parellada | Q353: 712020:5af7a3fc-6e7a-4877-a93a-01a122fcc36d | R353: Alberto Puig Parellada | S353: 712020:5af7a3fc-6e7a-4877-a93a-01a122fcc36d | T353: 45967.824 | U353: 45982.853 | Y353: 0 | Z353: Agregar validaciones a los campos del formulario para asegurar que los datos introducidos por el usuario sean correctos (por ejemplo, formato de correo electrónico, longitud de la contraseña, campos obligatorios, etc.). | AB353: Alberto Puig Parellada | AC353: 712020:5af7a3fc-6e7a-4877-a93a-01a122fcc36d | AR353: 0|i000kn: | AS353: Semana 1 | AU353: 10.0 | AY353: Por hacer | AZ353: 45967.824 | BA353: 10061 | BB353: MIP-28 | BC353: Ver el formulario de registro
A354: Mostrar mensajes de error y éxito en el formulario de registro | B354: MIP-105 | C354: 10216 | D354: Subtarea | E354: Tareas por hacer | F354: MIP | G354: Proyecto Intermodular | H354: software | I354: Alberto Puig Parellada | J354: 712020:5af7a3fc-6e7a-4877-a93a-01a122fcc36d | L354: Medium | N354: Alberto Puig Parellada | O354: 712020:5af7a3fc-6e7a-4877-a93a-01a122fcc36d | P354: Alberto Puig Parellada | Q354: 712020:5af7a3fc-6e7a-4877-a93a-01a122fcc36d | R354: Alberto Puig Parellada | S354: 712020:5af7a3fc-6e7a-4877-a93a-01a122fcc36d | T354: 45967.824 | U354: 45982.853 | Y354: 0 | Z354: Implementar la visualización de mensajes de error cuando los datos introducidos no sean válidos y mensajes de éxito cuando el registro se complete correctamente. | AB354: Alberto Puig Parellada | AC354: 712020:5af7a3fc-6e7a-4877-a93a-01a122fcc36d | AR354: 0|i000kf: | AS354: Semana 1 | AU354: 10.0 | AY354: Por hacer | AZ354: 45967.824 | BA354: 10061 | BB354: MIP-28 | BC354: Ver el formulario de registro
A355: Diseñar la interfaz del formulario de registro | B355: MIP-104 | C355: 10212 | D355: Subtarea | E355: Tareas por hacer | F355: MIP | G355: Proyecto Intermodular | H355: software | I355: Alberto Puig Parellada | J355: 712020:5af7a3fc-6e7a-4877-a93a-01a122fcc36d | L355: Medium | N355: Alberto Puig Parellada | O355: 712020:5af7a3fc-6e7a-4877-a93a-01a122fcc36d | P355: Alberto Puig Parellada | Q355: 712020:5af7a3fc-6e7a-4877-a93a-01a122fcc36d | R355: Alberto Puig Parellada | S355: 712020:5af7a3fc-6e7a-4877-a93a-01a122fcc36d | T355: 45967.823 | U355: 45982.853 | V355: 45982.825 | Y355: 0 | Z355: Crear el diseño visual del formulario de registro, definiendo los campos necesarios (nombre, correo electrónico, contraseña, etc.) y la disposición de los elementos en la pantalla. | AB355: Alberto Puig Parellada | AC355: 712020:5af7a3fc-6e7a-4877-a93a-01a122fcc36d | AR355: 0|i000k7: | AS355: Semana 1 | AU355: 10.0 | AY355: Por hacer | AZ355: 45967.823 | BA355: 10061 | BB355: MIP-28 | BC355: Ver el formulario de registro
A356: Mostrar botón de imagen para enviar fotos | B356: MIP-103 | C356: 10210 | D356: Historia | E356: Tareas por hacer | F356: MIP | G356: Proyecto Intermodular | H356: software | I356: Alberto Puig Parellada | J356: 712020:5af7a3fc-6e7a-4877-a93a-01a122fcc36d | L356: Medium | N356: Alberto Puig Parellada | O356: 712020:5af7a3fc-6e7a-4877-a93a-01a122fcc36d | P356: Alberto Puig Parellada | Q356: 712020:5af7a3fc-6e7a-4877-a93a-01a122fcc36d | R356: Alberto Puig Parellada | S356: 712020:5af7a3fc-6e7a-4877-a93a-01a122fcc36d | T356: 45967.82 | U356: 45983.067 | V356: 45970.478 | Y356: 0 | Z356: Como usuario perteneciente a un grupo/chat quiero ver un botón de imagen para poder enviar imágenes por el grupo/chat | AB356: Alberto Puig Parellada | AC356: 712020:5af7a3fc-6e7a-4877-a93a-01a122fcc36d | AR356: 0|hzzzzy:zzzzzy | AS356: Semanas 13 - 14 | AU356: 38.0 | AY356: Por hacer | AZ356: 45967.82 | BA356: 10057 | BB356: MIP-25 | BC356: Enviar mensajes a través de un chat
A357: Mostrar sección de texto para enviar un mensaje | B357: MIP-102 | C357: 10208 | D357: Historia | E357: Tareas por hacer | F357: MIP | G357: Proyecto Intermodular | H357: software | I357: Alberto Puig Parellada | J357: 712020:5af7a3fc-6e7a-4877-a93a-01a122fcc36d | L357: Medium | N357: Alberto Puig Parellada | O357: 712020:5af7a3fc-6e7a-4877-a93a-01a122fcc36d | P357: Alberto Puig Parellada | Q357: 712020:5af7a3fc-6e7a-4877-a93a-01a122fcc36d | R357: Alberto Puig Parellada | S357: 712020:5af7a3fc-6e7a-4877-a93a-01a122fcc36d | T357: 45967.82 | U357: 45983.067 | V357: 45970.478 | Y357: 0 | Z357: Como usuario perteneciente a un grupo/chat quiero ver el cuadro de introducción de texto para poder enviar mensajes por el grupo/chat | AB357: Alberto Puig Parellada | AC357: 712020:5af7a3fc-6e7a-4877-a93a-01a122fcc36d | AR357: 0|hzzzzy:zzzzzv | AS357: Semanas 13 - 14 | AU357: 37.0 | AY357: Por hacer | AZ357: 45967.82 | BA357: 10057 | BB357: MIP-25 | BC357: Enviar mensajes a través de un chat
A358: Mostrar formulario de edición de los detalles del grupo | B358: MIP-101 | C358: 10206 | D358: Historia | E358: Tareas por hacer | F358: MIP | G358: Proyecto Intermodular | H358: software | I358: Alberto Puig Parellada | J358: 712020:5af7a3fc-6e7a-4877-a93a-01a122fcc36d | L358: Medium | N358: Alberto Puig Parellada | O358: 712020:5af7a3fc-6e7a-4877-a93a-01a122fcc36d | P358: Alberto Puig Parellada | Q358: 712020:5af7a3fc-6e7a-4877-a93a-01a122fcc36d | R358: Alberto Puig Parellada | S358: 712020:5af7a3fc-6e7a-4877-a93a-01a122fcc36d | T358: 45967.818 | U358: 45983.067 | V358: 45970.478 | Y358: 0 | Z358: Como usuario administrador/creador de un grupo quiero ver el formulario de edición de los detalles del grupo para poder cambiar la información del grupo | AB358: Alberto Puig Parellada | AC358: 712020:5af7a3fc-6e7a-4877-a93a-01a122fcc36d | AR358: 0|hzzzzy:zzzzzr | AS358: Semanas 11 - 12 | AU358: 33.0 | AY358: Por hacer | AZ358: 45967.818 | BA358: 10059 | BB358: MIP-27 | BC358: Modificación de los detalles de un grupo de chat
A359: Mostrar detalles del grupo | B359: MIP-100 | C359: 10204 | D359: Historia | E359: Tareas por hacer | F359: MIP | G359: Proyecto Intermodular | H359: software | I359: Alberto Puig Parellada | J359: 712020:5af7a3fc-6e7a-4877-a93a-01a122fcc36d | L359: Medium | N359: Alberto Puig Parellada | O359: 712020:5af7a3fc-6e7a-4877-a93a-01a122fcc36d | P359: Alberto Puig Parellada | Q359: 712020:5af7a3fc-6e7a-4877-a93a-01a122fcc36d | R359: Alberto Puig Parellada | S359: 712020:5af7a3fc-6e7a-4877-a93a-01a122fcc36d | T359: 45967.818 | U359: 45983.067 | V359: 45970.477 | Y359: 0 | Z359: Como usuario de un grupo quiero poder ver los detalles del grupo como el nombre la descripción y la foto para saber en qué grupo estoy y para que se hizo el grupo | AB359: Alberto Puig Parellada | AC359: 712020:5af7a3fc-6e7a-4877-a93a-01a122fcc36d | AR359: 0|hzzzzy:zzzzy | AS359: Semanas 11 - 12 | AU359: 31.0 | AY359: Por hacer | AZ359: 45967.818 | BA359: 10059 | BB359: MIP-27 | BC359: Modificación de los detalles de un grupo de chat
A360: mostrar botón de traspasar dueño de la quedada | B360: MIP-99 | C360: 10202 | D360: Historia | E360: Tareas por hacer | F360: MIP | G360: Proyecto Intermodular | H360: software | I360: Alberto Puig Parellada | J360: 712020:5af7a3fc-6e7a-4877-a93a-01a122fcc36d | L360: Medium | N360: Alberto Puig Parellada | O360: 712020:5af7a3fc-6e7a-4877-a93a-01a122fcc36d | P360: Alberto Puig Parellada | Q360: 712020:5af7a3fc-6e7a-4877-a93a-01a122fcc36d | R360: Alberto Puig Parellada | S360: 712020:5af7a3fc-6e7a-4877-a93a-01a122fcc36d | T360: 45967.812 | U360: 45983.049 | Y360: 0 | Z360: Como usuario creador de una quedada quiero ver un botón de traspasar dueño en los participantes de la quedada para poder traspasar el dueño de la quedada al usuario deseado | AB360: Alberto Puig Parellada | AC360: 712020:5af7a3fc-6e7a-4877-a93a-01a122fcc36d | AR360: 0|i000j3: | AS360: Semana 5 | AU360: 42.0 | AY360: Por hacer | AZ360: 45967.812 | BA360: 10039 | BB360: MIP-8 | BC360: Gestión de equipos de las quedadas
A361: Mostrar botón de quitar administrador en un participante | B361: MIP-98 | C361: 10200 | D361: Historia | E361: Tareas por hacer | F361: MIP | G361: Proyecto Intermodular | H361: software | I361: Alberto Puig Parellada | J361: 712020:5af7a3fc-6e7a-4877-a93a-01a122fcc36d | L361: Medium | N361: Alberto Puig Parellada | O361: 712020:5af7a3fc-6e7a-4877-a93a-01a122fcc36d | P361: Alberto Puig Parellada | Q361: 712020:5af7a3fc-6e7a-4877-a93a-01a122fcc36d | R361: Alberto Puig Parellada | S361: 712020:5af7a3fc-6e7a-4877-a93a-01a122fcc36d | T361: 45967.812 | U361: 45983.049 | V361: 45983.046 | Y361: 0 | Z361: Como usuario creador de una quedada quiero ver un botón de quitar administrador en los participantes de la quedada para poder quitar el administrador al usuario deseado | AB361: Alberto Puig Parellada | AC361: 712020:5af7a3fc-6e7a-4877-a93a-01a122fcc36d | AR361: 0|i000iv: | AS361: Semana 5 | AU361: 42.0 | AY361: Por hacer | AZ361: 45967.812 | BA361: 10039 | BB361: MIP-8 | BC361: Gestión de equipos de las quedadas
A362: Mostrar botón de traspasar dueño del grupo en los participantes del grupo | B362: MIP-97 | C362: 10198 | D362: Historia | E362: Tareas por hacer | F362: MIP | G362: Proyecto Intermodular | H362: software | I362: Alberto Puig Parellada | J362: 712020:5af7a3fc-6e7a-4877-a93a-01a122fcc36d | L362: Medium | N362: Alberto Puig Parellada | O362: 712020:5af7a3fc-6e7a-4877-a93a-01a122fcc36d | P362: Alberto Puig Parellada | Q362: 712020:5af7a3fc-6e7a-4877-a93a-01a122fcc36d | R362: Alberto Puig Parellada | S362: 712020:5af7a3fc-6e7a-4877-a93a-01a122fcc36d | T362: 45967.812 | U362: 45983.067 | V362: 45970.477 | Y362: 0 | Z362: Como usuario creador de un grupo quiero ver un botón de traspasar dueño en los usuarios pertenecientes a ese grupo para poder hacer dueño del grupo al usuario deseado | AB362: Alberto Puig Parellada | AC362: 712020:5af7a3fc-6e7a-4877-a93a-01a122fcc36d | AR362: 0|hzzzzy:zzzzzzr | AS362: Semanas 11 - 12 | AU362: 33.0 | AY362: Por hacer | AZ362: 45967.812 | BA362: 10058 | BB362: MIP-26 | BC362: Modificación de los participantes de un grupo de chat
A363: mostrar botón de quitar administrador en los participantes del grupo | B363: MIP-96 | C363: 10196 | D363: Historia | E363: Tareas por hacer | F363: MIP | G363: Proyecto Intermodular | H363: software | I363: Alberto Puig Parellada | J363: 712020:5af7a3fc-6e7a-4877-a93a-01a122fcc36d | L363: Medium | N363: Alberto Puig Parellada | O363: 712020:5af7a3fc-6e7a-4877-a93a-01a122fcc36d | P363: Alberto Puig Parellada | Q363: 712020:5af7a3fc-6e7a-4877-a93a-01a122fcc36d | R363: Alberto Puig Parellada | S363: 712020:5af7a3fc-6e7a-4877-a93a-01a122fcc36d | T363: 45967.811 | U363: 45983.067 | V363: 45970.477 | Y363: 0 | Z363: Como usuario creador del grupo quiero ver un botón de quitar administrador en los usuarios pertenecientes a un grupo para poder quitar el administrador a los usuarios deseados | AB363: Alberto Puig Parellada | AC363: 712020:5af7a3fc-6e7a-4877-a93a-01a122fcc36d | AR363: 0|hzzzzy:zzzr | AS363: Semanas 11 - 12 | AU363: 37.0 | AY363: Por hacer | AZ363: 45967.811 | BA363: 10058 | BB363: MIP-26 | BC363: Modificación de los participantes de un grupo de chat
A364: Mostrar botón de eliminar usuario en los participantes del grupo | B364: MIP-95 | C364: 10194 | D364: Historia | E364: Tareas por hacer | F364: MIP | G364: Proyecto Intermodular | H364: software | I364: Alberto Puig Parellada | J364: 712020:5af7a3fc-6e7a-4877-a93a-01a122fcc36d | L364: Medium | N364: Alberto Puig Parellada | O364: 712020:5af7a3fc-6e7a-4877-a93a-01a122fcc36d | P364: Alberto Puig Parellada | Q364: 712020:5af7a3fc-6e7a-4877-a93a-01a122fcc36d | R364: Alberto Puig Parellada | S364: 712020:5af7a3fc-6e7a-4877-a93a-01a122fcc36d | T364: 45967.809 | U364: 45983.067 | V364: 45970.478 | Y364: 0 | Z364: Como usuario creador/administrador de un grupo quiero ver un botón de eliminar usuario en los usuarios participantes de un grupo para poder eliminar del grupo al usuario deseado | AB364: Alberto Puig Parellada | AC364: 712020:5af7a3fc-6e7a-4877-a93a-01a122fcc36d | AR364: 0|hzzzzy:zzzy | AS364: Semanas 11 - 12 | AU364: 37.0 | AY364: Por hacer | AZ364: 45967.809 | BA364: 10058 | BB364: MIP-26 | BC364: Modificación de los participantes de un grupo de chat
A365: Mostrar botón de hacer administrador a un usuario en los participantes del grupo | B365: MIP-94 | C365: 10192 | D365: Historia | E365: Tareas por hacer | F365: MIP | G365: Proyecto Intermodular | H365: software | I365: Alberto Puig Parellada | J365: 712020:5af7a3fc-6e7a-4877-a93a-01a122fcc36d | L365: Medium | N365: Alberto Puig Parellada | O365: 712020:5af7a3fc-6e7a-4877-a93a-01a122fcc36d | P365: Alberto Puig Parellada | Q365: 712020:5af7a3fc-6e7a-4877-a93a-01a122fcc36d | R365: Alberto Puig Parellada | S365: 712020:5af7a3fc-6e7a-4877-a93a-01a122fcc36d | T365: 45967.809 | U365: 45983.067 | V365: 45970.477 | Y365: 0 | Z365: Como usuario creador de un grupo quiero ver el botón de hacer administrador a un usuario en cada uno de los usuarios que participan en el grupo para poder hacer administradores a los usuarios del grupo que considere oportuno | AB365: Alberto Puig Parellada | AC365: 712020:5af7a3fc-6e7a-4877-a93a-01a122fcc36d | AR365: 0|hzzzzy:zzv | AS365: Semanas 11 - 12 | AU365: 37.0 | AY365: Por hacer | AZ365: 45967.809 | BA365: 10058 | BB365: MIP-26 | BC365: Modificación de los participantes de un grupo de chat
A366: Mostrar lista de participantes de un grupo | B366: MIP-93 | C366: 10190 | D366: Historia | E366: Tareas por hacer | F366: MIP | G366: Proyecto Intermodular | H366: software | I366: Alberto Puig Parellada | J366: 712020:5af7a3fc-6e7a-4877-a93a-01a122fcc36d | L366: Medium | N366: Alberto Puig Parellada | O366: 712020:5af7a3fc-6e7a-4877-a93a-01a122fcc36d | P366: Alberto Puig Parellada | Q366: 712020:5af7a3fc-6e7a-4877-a93a-01a122fcc36d | R366: Alberto Puig Parellada | S366: 712020:5af7a3fc-6e7a-4877-a93a-01a122fcc36d | T366: 45967.808 | U366: 45983.067 | V366: 45970.477 | Y366: 0 | Z366: Como usuario quiero poder ver los participantes de un grupo/chat para saber con quienes estoy hablando | AB366: Alberto Puig Parellada | AC366: 712020:5af7a3fc-6e7a-4877-a93a-01a122fcc36d | AR366: 0|hzzzzy:zzzzzz | AS366: Semanas 11 - 12 | AU366: 36.0 | AY366: Por hacer | AZ366: 45967.808 | BA366: 10058 | BB366: MIP-26 | BC366: Modificación de los participantes de un grupo de chat
A367: Confirmar creación de grupos/chats | B367: MIP-92 | C367: 10188 | D367: Historia | E367: Tareas por hacer | F367: MIP | G367: Proyecto Intermodular | H367: software | I367: Alberto Puig Parellada | J367: 712020:5af7a3fc-6e7a-4877-a93a-01a122fcc36d | L367: Medium | N367: Alberto Puig Parellada | O367: 712020:5af7a3fc-6e7a-4877-a93a-01a122fcc36d | P367: Alberto Puig Parellada | Q367: 712020:5af7a3fc-6e7a-4877-a93a-01a122fcc36d | R367: Alberto Puig Parellada | S367: 712020:5af7a3fc-6e7a-4877-a93a-01a122fcc36d | T367: 45967.807 | U367: 45983.067 | V367: 45970.476 | Y367: 0 | Z367: Como usuario quiero poder confirmar la creación del grupo/chat para que se cree el grupo/chat y poder acceder a él | AB367: Alberto Puig Parellada | AC367: 712020:5af7a3fc-6e7a-4877-a93a-01a122fcc36d | AR367: 0|hzzzzy:zzzzzx | AS367: Semana 10 | AU367: 32.0 | AY367: Por hacer | AZ367: 45967.807 | BA367: 10047 | BB367: MIP-16 | BC367: Crear grupos de chats y chats con usuarios
A368: Mostrar formulario de creación de grupos/chats | B368: MIP-91 | C368: 10186 | D368: Historia | E368: Tareas por hacer | F368: MIP | G368: Proyecto Intermodular | H368: software | I368: Alberto Puig Parellada | J368: 712020:5af7a3fc-6e7a-4877-a93a-01a122fcc36d | L368: Medium | N368: Alberto Puig Parellada | O368: 712020:5af7a3fc-6e7a-4877-a93a-01a122fcc36d | P368: Alberto Puig Parellada | Q368: 712020:5af7a3fc-6e7a-4877-a93a-01a122fcc36d | R368: Alberto Puig Parellada | S368: 712020:5af7a3fc-6e7a-4877-a93a-01a122fcc36d | T368: 45967.806 | U368: 45983.067 | V368: 45983.071 | Y368: 0 | Z368: Como usuario quiero ver el formulario de creación de grupos/chats para poder introducir la información necesaria para crear el grupo/chat | AB368: Alberto Puig Parellada | AC368: 712020:5af7a3fc-6e7a-4877-a93a-01a122fcc36d | AR368: 0|hzzzzy:zzr | AS368: Semana 10 | AU368: 33.0 | AY368: Por hacer | AZ368: 45967.806 | BA368: 10047 | BB368: MIP-16 | BC368: Crear grupos de chats y chats con usuarios
A369: Mostrar estado premium/no premium en el perfil del usuario | B369: MIP-90 | C369: 10184 | D369: Historia | E369: Tareas por hacer | F369: MIP | G369: Proyecto Intermodular | H369: software | I369: Alberto Puig Parellada | J369: 712020:5af7a3fc-6e7a-4877-a93a-01a122fcc36d | L369: Medium | N369: Alberto Puig Parellada | O369: 712020:5af7a3fc-6e7a-4877-a93a-01a122fcc36d | P369: Alberto Puig Parellada | Q369: 712020:5af7a3fc-6e7a-4877-a93a-01a122fcc36d | R369: Alberto Puig Parellada | S369: 712020:5af7a3fc-6e7a-4877-a93a-01a122fcc36d | T369: 45967.804 | U369: 45983.065 | V369: 45981.731 | Y369: 0 | Z369: Como usuario quiero poder ver desde mi perfil si soy un usuario premium o un usuario no premium para poder conocer el estado de mi usuario | AB369: Alberto Puig Parellada | AC369: 712020:5af7a3fc-6e7a-4877-a93a-01a122fcc36d | AR369: 0|i000cm:v | AS369: Semanas 17 - 18 | AU369: 50.0 | AY369: Por hacer | AZ369: 45967.804 | BA369: 10048 | BB369: MIP-17 | BC369: Sistema de usuarios premium/no premium con pasarela de pago
A370: Confirmar filtros | B370: MIP-89 | C370: 10182 | D370: Historia | E370: Tareas por hacer | F370: MIP | G370: Proyecto Intermodular | H370: software | I370: Alberto Puig Parellada | J370: 712020:5af7a3fc-6e7a-4877-a93a-01a122fcc36d | L370: Medium | N370: Alberto Puig Parellada | O370: 712020:5af7a3fc-6e7a-4877-a93a-01a122fcc36d | P370: Alberto Puig Parellada | Q370: 712020:5af7a3fc-6e7a-4877-a93a-01a122fcc36d | R370: Alberto Puig Parellada | S370: 712020:5af7a3fc-6e7a-4877-a93a-01a122fcc36d | T370: 45967.801 | U370: 45983.071 | V370: 45970.476 | Y370: 0 | Z370: Como usuario quiero poder confirmar los filtros indicados en la búsqueda de grupos y chats para que se apliquen y así ver los resultados de la búsqueda | AB370: Alberto Puig Parellada | AC370: 712020:5af7a3fc-6e7a-4877-a93a-01a122fcc36d | AR370: 0|hzzzzy:zzi | AS370: Semanas 11 - 12 | AU370: 17.0 | AY370: Por hacer | AZ370: 45967.801 | BA370: 10174 | BB370: MIP-85 | BC370: Lista de grupos y chats del usuario con filtros
A371: Mostrar filtros de búsqueda | B371: MIP-88 | C371: 10180 | D371: Historia | E371: Tareas por hacer | F371: MIP | G371: Proyecto Intermodular | H371: software | I371: Alberto Puig Parellada | J371: 712020:5af7a3fc-6e7a-4877-a93a-01a122fcc36d | L371: Medium | N371: Alberto Puig Parellada | O371: 712020:5af7a3fc-6e7a-4877-a93a-01a122fcc36d | P371: Alberto Puig Parellada | Q371: 712020:5af7a3fc-6e7a-4877-a93a-01a122fcc36d | R371: Alberto Puig Parellada | S371: 712020:5af7a3fc-6e7a-4877-a93a-01a122fcc36d | T371: 45967.801 | U371: 45983.071 | V371: 45970.476 | Y371: 0 | Z371: Como usuario quiero ver los filtros de búsqueda que puedo aplicar a los grupos y chats para poder buscar de forma más precisa | AB371: Alberto Puig Parellada | AC371: 712020:5af7a3fc-6e7a-4877-a93a-01a122fcc36d | AR371: 0|hzzzzy:zz | AS371: Semanas 11 - 12 | AU371: 16.0 | AY371: Por hacer | AZ371: 45967.801 | BA371: 10174 | BB371: MIP-85 | BC371: Lista de grupos y chats del usuario con filtros
A372: Mostrar barra de búsqueda | B372: MIP-87 | C372: 10178 | D372: Historia | E372: Tareas por hacer | F372: MIP | G372: Proyecto Intermodular | H372: software | I372: Alberto Puig Parellada | J372: 712020:5af7a3fc-6e7a-4877-a93a-01a122fcc36d | L372: Medium | N372: Alberto Puig Parellada | O372: 712020:5af7a3fc-6e7a-4877-a93a-01a122fcc36d | P372: Alberto Puig Parellada | Q372: 712020:5af7a3fc-6e7a-4877-a93a-01a122fcc36d | R372: Alberto Puig Parellada | S372: 712020:5af7a3fc-6e7a-4877-a93a-01a122fcc36d | T372: 45967.801 | U372: 45983.071 | V372: 45970.476 | Y372: 0 | Z372: Como usuario quiero ver una barra de búsqueda para poder buscar grupos y chats por texto | AB372: Alberto Puig Parellada | AC372: 712020:5af7a3fc-6e7a-4877-a93a-01a122fcc36d | AR372: 0|hzzzzy:zy | AS372: Semanas 11 - 12 | AU372: 16.0 | AY372: Por hacer | AZ372: 45967.801 | BA372: 10174 | BB372: MIP-85 | BC372: Lista de grupos y chats del usuario con filtros
A373: Mostrar la lista de grupos y chats en los que el usuario participa | B373: MIP-86 | C373: 10176 | D373: Historia | E373: Tareas por hacer | F373: MIP | G373: Proyecto Intermodular | H373: software | I373: Alberto Puig Parellada | J373: 712020:5af7a3fc-6e7a-4877-a93a-01a122fcc36d | L373: Medium | N373: Alberto Puig Parellada | O373: 712020:5af7a3fc-6e7a-4877-a93a-01a122fcc36d | P373: Alberto Puig Parellada | Q373: 712020:5af7a3fc-6e7a-4877-a93a-01a122fcc36d | R373: Alberto Puig Parellada | S373: 712020:5af7a3fc-6e7a-4877-a93a-01a122fcc36d | T373: 45967.801 | U373: 45983.071 | V373: 45970.476 | Y373: 0 | Z373: Como usuario quiero ver la lista de los grupos y los chats a los que pertenezco para poder entrar a ellos y chatear | AB373: Alberto Puig Parellada | AC373: 712020:5af7a3fc-6e7a-4877-a93a-01a122fcc36d | AR373: 0|hzzzzy:zx | AS373: Semanas 11 - 12 | AU373: 15.0 | AY373: Por hacer | AZ373: 45967.801 | BA373: 10174 | BB373: MIP-85 | BC373: Lista de grupos y chats del usuario con filtros
A374: Lista de grupos y chats del usuario con filtros | B374: MIP-85 | C374: 10174 | D374: Epic | E374: Tareas por hacer | F374: MIP | G374: Proyecto Intermodular | H374: software | I374: Alberto Puig Parellada | J374: 712020:5af7a3fc-6e7a-4877-a93a-01a122fcc36d | L374: Medium | N374: Alberto Puig Parellada | O374: 712020:5af7a3fc-6e7a-4877-a93a-01a122fcc36d | P374: Alberto Puig Parellada | Q374: 712020:5af7a3fc-6e7a-4877-a93a-01a122fcc36d | R374: Alberto Puig Parellada | S374: 712020:5af7a3fc-6e7a-4877-a93a-01a122fcc36d | T374: 45967.801 | U374: 45983.071 | Y374: 0 | AB374: Alberto Puig Parellada | AC374: 712020:5af7a3fc-6e7a-4877-a93a-01a122fcc36d | AQ374: purple | AR374: 0|i00037: | AU374: 15.0 | AY374: Por hacer | AZ374: 45967.801
A375: Enviar notificación por correo electrónico | B375: MIP-84 | C375: 10173 | D375: Historia | E375: Tareas por hacer | F375: MIP | G375: Proyecto Intermodular | H375: software | I375: Alberto Puig Parellada | J375: 712020:5af7a3fc-6e7a-4877-a93a-01a122fcc36d | L375: Medium | N375: Alberto Puig Parellada | O375: 712020:5af7a3fc-6e7a-4877-a93a-01a122fcc36d | P375: Alberto Puig Parellada | Q375: 712020:5af7a3fc-6e7a-4877-a93a-01a122fcc36d | R375: Alberto Puig Parellada | S375: 712020:5af7a3fc-6e7a-4877-a93a-01a122fcc36d | T375: 45967.797 | U375: 45983.065 | V375: 45970.479 | Y375: 0 | Z375: Como usuario quiero que me llegue al correo electrónico una notificación con el resumen de la compra realizada, los beneficios, la duración, el costo y otra información interesante para estar bien informado de y documentado del pago realizado | AB375: Alberto Puig Parellada | AC375: 712020:5af7a3fc-6e7a-4877-a93a-01a122fcc36d | AR375: 0|hzzzzy:zv | AS375: Semanas 17 - 18 | AU375: 43.0 | AY375: Por hacer | AZ375: 45967.797 | BA375: 10048 | BB375: MIP-17 | BC375: Sistema de usuarios premium/no premium con pasarela de pago
A376: Confirmar suscripción premium | B376: MIP-83 | C376: 10171 | D376: Historia | E376: Tareas por hacer | F376: MIP | G376: Proyecto Intermodular | H376: software | I376: Alberto Puig Parellada | J376: 712020:5af7a3fc-6e7a-4877-a93a-01a122fcc36d | L376: Medium | N376: Alberto Puig Parellada | O376: 712020:5af7a3fc-6e7a-4877-a93a-01a122fcc36d | P376: Alberto Puig Parellada | Q376: 712020:5af7a3fc-6e7a-4877-a93a-01a122fcc36d | R376: Alberto Puig Parellada | S376: 712020:5af7a3fc-6e7a-4877-a93a-01a122fcc36d | T376: 45967.796 | U376: 45983.065 | V376: 45970.478 | Y376: 0 | Z376: Como usuario quiero poder confirmar que estoy de acuerdo con todos los requisitos, beneficios y costos del premium para poder finalizar el proceso de cambio a cuenta premium | AB376: Alberto Puig Parellada | AC376: 712020:5af7a3fc-6e7a-4877-a93a-01a122fcc36d | AR376: 0|hzzzzy:zr | AS376: Semanas 15 - 16 | AU376: 54.0 | AY376: Por hacer | AZ376: 45967.796 | BA376: 10048 | BB376: MIP-17 | BC376: Sistema de usuarios premium/no premium con pasarela de pago
A377: Mostrar formulario de pago para la suscripción premium | B377: MIP-82 | C377: 10169 | D377: Historia | E377: Tareas por hacer | F377: MIP | G377: Proyecto Intermodular | H377: software | I377: Alberto Puig Parellada | J377: 712020:5af7a3fc-6e7a-4877-a93a-01a122fcc36d | L377: Medium | N377: Alberto Puig Parellada | O377: 712020:5af7a3fc-6e7a-4877-a93a-01a122fcc36d | P377: Alberto Puig Parellada | Q377: 712020:5af7a3fc-6e7a-4877-a93a-01a122fcc36d | R377: Alberto Puig Parellada | S377: 712020:5af7a3fc-6e7a-4877-a93a-01a122fcc36d | T377: 45967.796 | U377: 45983.065 | V377: 45970.479 | Y377: 0 | Z377: Como usuario quiero ver el formulario de pago de la suscripción premium para poder hacer el pago y tener mi cuenta premium | AB377: Alberto Puig Parellada | AC377: 712020:5af7a3fc-6e7a-4877-a93a-01a122fcc36d | AR377: 0|hzzzzy:zi | AS377: Semanas 15 - 16 | AU377: 52.0 | AY377: Por hacer | AZ377: 45967.796 | BA377: 10048 | BB377: MIP-17 | BC377: Sistema de usuarios premium/no premium con pasarela de pago
A378: Mostrar ventajas y requisitos para el premium | B378: MIP-81 | C378: 10167 | D378: Historia | E378: Tareas por hacer | F378: MIP | G378: Proyecto Intermodular | H378: software | I378: Alberto Puig Parellada | J378: 712020:5af7a3fc-6e7a-4877-a93a-01a122fcc36d | L378: Medium | N378: Alberto Puig Parellada | O378: 712020:5af7a3fc-6e7a-4877-a93a-01a122fcc36d | P378: Alberto Puig Parellada | Q378: 712020:5af7a3fc-6e7a-4877-a93a-01a122fcc36d | R378: Alberto Puig Parellada | S378: 712020:5af7a3fc-6e7a-4877-a93a-01a122fcc36d | T378: 45967.795 | U378: 45983.065 | V378: 45970.478 | Y378: 0 | Z378: Como usuario quiero ver todos los beneficios que me ofrece el hacerme premium y todos los requisitos que el premium requiere, como el costo, para saber si me interesa hacerme usuario premium | AB378: Alberto Puig Parellada | AC378: 712020:5af7a3fc-6e7a-4877-a93a-01a122fcc36d | AR378: 0|hzzzzy:z | AS378: Semana 10 | AU378: 50.0 | AY378: Por hacer | AZ378: 45967.795 | BA378: 10048 | BB378: MIP-17 | BC378: Sistema de usuarios premium/no premium con pasarela de pago
A379: Mostrar botón de premium en el perfil | B379: MIP-80 | C379: 10165 | D379: Historia | E379: Tareas por hacer | F379: MIP | G379: Proyecto Intermodular | H379: software | I379: Alberto Puig Parellada | J379: 712020:5af7a3fc-6e7a-4877-a93a-01a122fcc36d | L379: Medium | N379: Alberto Puig Parellada | O379: 712020:5af7a3fc-6e7a-4877-a93a-01a122fcc36d | P379: Alberto Puig Parellada | Q379: 712020:5af7a3fc-6e7a-4877-a93a-01a122fcc36d | R379: Alberto Puig Parellada | S379: 712020:5af7a3fc-6e7a-4877-a93a-01a122fcc36d | T379: 45967.795 | U379: 45983.463 | V379: 45970.478 | Y379: 0 | Z379: Como usuario quiero ver el botón de premium en mi perfil para poder acceder a la sección en la que hacerme premium | AB379: Alberto Puig Parellada | AC379: 712020:5af7a3fc-6e7a-4877-a93a-01a122fcc36d | AR379: 0|hzzzzy:y | AS379: Semana 10 | AU379: 38.0 | AY379: Por hacer | AZ379: 45967.795 | BA379: 10048 | BB379: MIP-17 | BC379: Sistema de usuarios premium/no premium con pasarela de pago
A380: Mostrar anuncios en las listas de quedadas | B380: MIP-79 | C380: 10163 | D380: Historia | E380: Tareas por hacer | F380: MIP | G380: Proyecto Intermodular | H380: software | I380: Alberto Puig Parellada | J380: 712020:5af7a3fc-6e7a-4877-a93a-01a122fcc36d | L380: Medium | N380: Alberto Puig Parellada | O380: 712020:5af7a3fc-6e7a-4877-a93a-01a122fcc36d | P380: Alberto Puig Parellada | Q380: 712020:5af7a3fc-6e7a-4877-a93a-01a122fcc36d | R380: Alberto Puig Parellada | S380: 712020:5af7a3fc-6e7a-4877-a93a-01a122fcc36d | T380: 45967.792 | U380: 45983.065 | V380: 45982.501 | Y380: 0 | Z380: Como usuario no premium quiero ver anuncios en las listas de quedadas para poder acceder a la página de forma gratuita | AB380: Alberto Puig Parellada | AC380: 712020:5af7a3fc-6e7a-4877-a93a-01a122fcc36d | AR380: 0|hzzzzy:x | AS380: Semanas 17 - 18 | AU380: 22.0 | AY380: Por hacer | AZ380: 45967.792 | BA380: 10050 | BB380: MIP-19 | BC380: Sistema de anuncios
A381: Mostrar filtros para los detalles competitivos | B381: MIP-78 | C381: 10161 | D381: Historia | E381: Tareas por hacer | F381: MIP | G381: Proyecto Intermodular | H381: software | I381: Alberto Puig Parellada | J381: 712020:5af7a3fc-6e7a-4877-a93a-01a122fcc36d | L381: Medium | N381: Alberto Puig Parellada | O381: 712020:5af7a3fc-6e7a-4877-a93a-01a122fcc36d | P381: Alberto Puig Parellada | Q381: 712020:5af7a3fc-6e7a-4877-a93a-01a122fcc36d | R381: Alberto Puig Parellada | S381: 712020:5af7a3fc-6e7a-4877-a93a-01a122fcc36d | T381: 45967.789 | U381: 45983.074 | V381: 45970.476 | Y381: 0 | Z381: Como usuario quiero ver el formulario de filtros de los detalles competitivos para poder ver la información competitiva que me interesa como la de un deporte en concreto | AB381: Alberto Puig Parellada | AC381: 712020:5af7a3fc-6e7a-4877-a93a-01a122fcc36d | AR381: 0|hzzzzy:v | AS381: Semana 8 | AU381: 31.0 | AY381: Por hacer | AZ381: 45967.789 | BA381: 10046 | BB381: MIP-15 | BC381: Mostrar los detalles competitivos
A382: Mostrar la puntuación competitiva del usuario | B382: MIP-77 | C382: 10159 | D382: Historia | E382: Tareas por hacer | F382: MIP | G382: Proyecto Intermodular | H382: software | I382: Alberto Puig Parellada | J382: 712020:5af7a3fc-6e7a-4877-a93a-01a122fcc36d | L382: Medium | N382: Alberto Puig Parellada | O382: 712020:5af7a3fc-6e7a-4877-a93a-01a122fcc36d | P382: Alberto Puig Parellada | Q382: 712020:5af7a3fc-6e7a-4877-a93a-01a122fcc36d | R382: Alberto Puig Parellada | S382: 712020:5af7a3fc-6e7a-4877-a93a-01a122fcc36d | T382: 45967.787 | U382: 45983.074 | V382: 45970.476 | Y382: 0 | Z382: Como usuario quiero ver puntuación competitiva para estar informado de mis capacidades competitivas en el deporte filtrado | AB382: Alberto Puig Parellada | AC382: 712020:5af7a3fc-6e7a-4877-a93a-01a122fcc36d | AR382: 0|hzzzzy:r | AS382: Semana 8 | AU382: 30.0 | AY382: Por hacer | AZ382: 45967.787 | BA382: 10046 | BB382: MIP-15 | BC382: Mostrar los detalles competitivos
A383: Mostrar el historial de quedadas competitivas con sus detalles | B383: MIP-76 | C383: 10157 | D383: Historia | E383: Tareas por hacer | F383: MIP | G383: Proyecto Intermodular | H383: software | I383: Alberto Puig Parellada | J383: 712020:5af7a3fc-6e7a-4877-a93a-01a122fcc36d | L383: Medium | N383: Alberto Puig Parellada | O383: 712020:5af7a3fc-6e7a-4877-a93a-01a122fcc36d | P383: Alberto Puig Parellada | Q383: 712020:5af7a3fc-6e7a-4877-a93a-01a122fcc36d | R383: Alberto Puig Parellada | S383: 712020:5af7a3fc-6e7a-4877-a93a-01a122fcc36d | T383: 45967.787 | U383: 45983.074 | V383: 45970.476 | Y383: 0 | Z383: Como usuario quiero ver una lista con las quedadas competitivas en las que he participado y sus correspondientes detalles para estar informado de mis capacidades competitivas en el deporte filtrado | AB383: Alberto Puig Parellada | AC383: 712020:5af7a3fc-6e7a-4877-a93a-01a122fcc36d | AR383: 0|hzzzzy:i | AS383: Semana 8 | AU383: 34.0 | AY383: Por hacer | AZ383: 45967.787 | BA383: 10046 | BB383: MIP-15 | BC383: Mostrar los detalles competitivos
A384: Mostrar el ratio de victoria/derrota en quedadas competitivas | B384: MIP-75 | C384: 10155 | D384: Historia | E384: Tareas por hacer | F384: MIP | G384: Proyecto Intermodular | H384: software | I384: Alberto Puig Parellada | J384: 712020:5af7a3fc-6e7a-4877-a93a-01a122fcc36d | L384: Medium | N384: Alberto Puig Parellada | O384: 712020:5af7a3fc-6e7a-4877-a93a-01a122fcc36d | P384: Alberto Puig Parellada | Q384: 712020:5af7a3fc-6e7a-4877-a93a-01a122fcc36d | R384: Alberto Puig Parellada | S384: 712020:5af7a3fc-6e7a-4877-a93a-01a122fcc36d | T384: 45967.785 | U384: 45983.074 | V384: 45970.476 | Y384: 0 | Z384: Como usuario quiero ver mi ratio de victorias/derrotas de quedadas competitivas para estar informado de mis capacidades competitivas en el deporte filtrado | AB384: Alberto Puig Parellada | AC384: 712020:5af7a3fc-6e7a-4877-a93a-01a122fcc36d | AR384: 0|hzzzzy: | AS384: Semana 8 | AU384: 31.0 | AY384: Por hacer | AZ384: 45967.785 | BA384: 10046 | BB384: MIP-15 | BC384: Mostrar los detalles competitivos
A385: Mostrar la cantidad de quedadas competitivas perdidas | B385: MIP-74 | C385: 10153 | D385: Historia | E385: Tareas por hacer | F385: MIP | G385: Proyecto Intermodular | H385: software | I385: Alberto Puig Parellada | J385: 712020:5af7a3fc-6e7a-4877-a93a-01a122fcc36d | L385: Medium | N385: Alberto Puig Parellada | O385: 712020:5af7a3fc-6e7a-4877-a93a-01a122fcc36d | P385: Alberto Puig Parellada | Q385: 712020:5af7a3fc-6e7a-4877-a93a-01a122fcc36d | R385: Alberto Puig Parellada | S385: 712020:5af7a3fc-6e7a-4877-a93a-01a122fcc36d | T385: 45967.785 | U385: 45983.074 | Y385: 0 | Z385: Como usuario quiero ver mi total de quedadas competitivas perdidas para estar informado de mis capacidades competitivas en el deporte filtrado | AB385: Alberto Puig Parellada | AC385: 712020:5af7a3fc-6e7a-4877-a93a-01a122fcc36d | AR385: 0|hzzzzx: | AS385: Semana 8 | AU385: 32.0 | AY385: Por hacer | AZ385: 45967.785 | BA385: 10046 | BB385: MIP-15 | BC385: Mostrar los detalles competitivos
A386: Mostrar la cantidad de quedadas competitivas empatadas | B386: MIP-73 | C386: 10151 | D386: Historia | E386: Tareas por hacer | F386: MIP | G386: Proyecto Intermodular | H386: software | I386: Alberto Puig Parellada | J386: 712020:5af7a3fc-6e7a-4877-a93a-01a122fcc36d | L386: Medium | N386: Alberto Puig Parellada | O386: 712020:5af7a3fc-6e7a-4877-a93a-01a122fcc36d | P386: Alberto Puig Parellada | Q386: 712020:5af7a3fc-6e7a-4877-a93a-01a122fcc36d | R386: Alberto Puig Parellada | S386: 712020:5af7a3fc-6e7a-4877-a93a-01a122fcc36d | T386: 45967.785 | U386: 45983.074 | Y386: 0 | Z386: Como usuario quiero ver mi total de quedadas competitivas empatadas para estar informado de mis capacidades competitivas en el deporte filtrado | AB386: Alberto Puig Parellada | AC386: 712020:5af7a3fc-6e7a-4877-a93a-01a122fcc36d | AR386: 0|hzzzzv: | AS386: Semana 8 | AU386: 32.0 | AY386: Por hacer | AZ386: 45967.785 | BA386: 10046 | BB386: MIP-15 | BC386: Mostrar los detalles competitivos
A387: Mostrar la cantidad de quedadas competitivas ganadas | B387: MIP-72 | C387: 10149 | D387: Historia | E387: Tareas por hacer | F387: MIP | G387: Proyecto Intermodular | H387: software | I387: Alberto Puig Parellada | J387: 712020:5af7a3fc-6e7a-4877-a93a-01a122fcc36d | L387: Medium | N387: Alberto Puig Parellada | O387: 712020:5af7a3fc-6e7a-4877-a93a-01a122fcc36d | P387: Alberto Puig Parellada | Q387: 712020:5af7a3fc-6e7a-4877-a93a-01a122fcc36d | R387: Alberto Puig Parellada | S387: 712020:5af7a3fc-6e7a-4877-a93a-01a122fcc36d | T387: 45967.785 | U387: 45983.074 | Y387: 0 | Z387: Como usuario quiero ver mi total de quedadas competitivas ganadas para estar informado de mis capacidades competitivas en el deporte filtrado | AB387: Alberto Puig Parellada | AC387: 712020:5af7a3fc-6e7a-4877-a93a-01a122fcc36d | AR387: 0|hzzzzr: | AS387: Semana 8 | AU387: 32.0 | AY387: Por hacer | AZ387: 45967.785 | BA387: 10046 | BB387: MIP-15 | BC387: Mostrar los detalles competitivos
A388: Cambiar la contraseña | B388: MIP-71 | C388: 10147 | D388: Historia | E388: Tareas por hacer | F388: MIP | G388: Proyecto Intermodular | H388: software | I388: Alberto Puig Parellada | J388: 712020:5af7a3fc-6e7a-4877-a93a-01a122fcc36d | L388: Medium | N388: Alberto Puig Parellada | O388: 712020:5af7a3fc-6e7a-4877-a93a-01a122fcc36d | P388: Alberto Puig Parellada | Q388: 712020:5af7a3fc-6e7a-4877-a93a-01a122fcc36d | R388: Alberto Puig Parellada | S388: 712020:5af7a3fc-6e7a-4877-a93a-01a122fcc36d | T388: 45967.783 | U388: 45983.042 | Y388: 0 | Z388: Como usuario quiero poder cambiar mi contraseña para poder seleccionar la que desee | AB388: Alberto Puig Parellada | AC388: 712020:5af7a3fc-6e7a-4877-a93a-01a122fcc36d | AR388: 0|i000cm:r | AS388: Semana 1 | AU388: 16.0 | AY388: Por hacer | AZ388: 45967.783 | BA388: 10056 | BB388: MIP-24 | BC388: Cambiar la infomación del usuario
A389: Cambiar el correo | B389: MIP-70 | C389: 10145 | D389: Historia | E389: Tareas por hacer | F389: MIP | G389: Proyecto Intermodular | H389: software | I389: Alberto Puig Parellada | J389: 712020:5af7a3fc-6e7a-4877-a93a-01a122fcc36d | L389: Medium | N389: Alberto Puig Parellada | O389: 712020:5af7a3fc-6e7a-4877-a93a-01a122fcc36d | P389: Alberto Puig Parellada | Q389: 712020:5af7a3fc-6e7a-4877-a93a-01a122fcc36d | R389: Alberto Puig Parellada | S389: 712020:5af7a3fc-6e7a-4877-a93a-01a122fcc36d | T389: 45967.783 | U389: 45983.042 | Y389: 0 | Z389: Como usuario quiero poder cambiar mi dirección de correo para poder seleccionar el que desee | AB389: Alberto Puig Parellada | AC389: 712020:5af7a3fc-6e7a-4877-a93a-01a122fcc36d | AR389: 0|i000cm:i | AS389: Semana 1 | AU389: 16.0 | AY389: Por hacer | AZ389: 45967.783 | BA389: 10056 | BB389: MIP-24 | BC389: Cambiar la infomación del usuario
A390: Cambiar el nombre de usuario | B390: MIP-69 | C390: 10143 | D390: Historia | E390: Tareas por hacer | F390: MIP | G390: Proyecto Intermodular | H390: software | I390: Alberto Puig Parellada | J390: 712020:5af7a3fc-6e7a-4877-a93a-01a122fcc36d | L390: Medium | N390: Alberto Puig Parellada | O390: 712020:5af7a3fc-6e7a-4877-a93a-01a122fcc36d | P390: Alberto Puig Parellada | Q390: 712020:5af7a3fc-6e7a-4877-a93a-01a122fcc36d | R390: Alberto Puig Parellada | S390: 712020:5af7a3fc-6e7a-4877-a93a-01a122fcc36d | T390: 45967.783 | U390: 45983.042 | Y390: 0 | Z390: Como usuario quiero poder cambiar mi nombre de usuario para poder seleccionar el que desee | AB390: Alberto Puig Parellada | AC390: 712020:5af7a3fc-6e7a-4877-a93a-01a122fcc36d | AR390: 0|i000cm: | AS390: Semana 1 | AU390: 16.0 | AY390: Por hacer | AZ390: 45967.783 | BA390: 10056 | BB390: MIP-24 | BC390: Cambiar la infomación del usuario
A391: Cambiar la foto de perfil | B391: MIP-68 | C391: 10141 | D391: Historia | E391: Tareas por hacer | F391: MIP | G391: Proyecto Intermodular | H391: software | I391: Alberto Puig Parellada | J391: 712020:5af7a3fc-6e7a-4877-a93a-01a122fcc36d | L391: Medium | N391: Alberto Puig Parellada | O391: 712020:5af7a3fc-6e7a-4877-a93a-01a122fcc36d | P391: Alberto Puig Parellada | Q391: 712020:5af7a3fc-6e7a-4877-a93a-01a122fcc36d | R391: Alberto Puig Parellada | S391: 712020:5af7a3fc-6e7a-4877-a93a-01a122fcc36d | T391: 45967.783 | U391: 45983.042 | Y391: 0 | Z391: Como usuario quiero poder cambiar mi foto de perfil para poder seleccionar la que desee | AB391: Alberto Puig Parellada | AC391: 712020:5af7a3fc-6e7a-4877-a93a-01a122fcc36d | AR391: 0|i000cl: | AS391: Semana 1 | AU391: 17.0 | AY391: Por hacer | AZ391: 45967.783 | BA391: 10056 | BB391: MIP-24 | BC391: Cambiar la infomación del usuario
A392: Mostrar la información del usuario | B392: MIP-67 | C392: 10139 | D392: Historia | E392: Tareas por hacer | F392: MIP | G392: Proyecto Intermodular | H392: software | I392: Alberto Puig Parellada | J392: 712020:5af7a3fc-6e7a-4877-a93a-01a122fcc36d | L392: Medium | N392: Alberto Puig Parellada | O392: 712020:5af7a3fc-6e7a-4877-a93a-01a122fcc36d | P392: Alberto Puig Parellada | Q392: 712020:5af7a3fc-6e7a-4877-a93a-01a122fcc36d | R392: Alberto Puig Parellada | S392: 712020:5af7a3fc-6e7a-4877-a93a-01a122fcc36d | T392: 45967.782 | U392: 45983.042 | Y392: 0 | Z392: Como usuario quiero ver mi información del perfil para comprobar que está bien y poder acceder a ella | AB392: Alberto Puig Parellada | AC392: 712020:5af7a3fc-6e7a-4877-a93a-01a122fcc36d | AR392: 0|i000cj: | AS392: Semana 1 | AU392: 10.0 | AY392: Por hacer | AZ392: 45967.782 | BA392: 10055 | BB392: MIP-23 | BC392: Mostrar la información del usuario (Perfil)
A393: Mostrar la lista de quedadas a gestionar | B393: MIP-66 | C393: 10137 | D393: Historia | E393: Tareas por hacer | F393: MIP | G393: Proyecto Intermodular | H393: software | I393: Alberto Puig Parellada | J393: 712020:5af7a3fc-6e7a-4877-a93a-01a122fcc36d | L393: Medium | N393: Alberto Puig Parellada | O393: 712020:5af7a3fc-6e7a-4877-a93a-01a122fcc36d | P393: Alberto Puig Parellada | Q393: 712020:5af7a3fc-6e7a-4877-a93a-01a122fcc36d | R393: Alberto Puig Parellada | S393: 712020:5af7a3fc-6e7a-4877-a93a-01a122fcc36d | T393: 45967.778 | U393: 45983.05 | Y393: 0 | Z393: Como usuario quiero poder ver una lista con todas las quedadas de las que soy dueño o administrador para poder gestionarlas | AB393: Alberto Puig Parellada | AC393: 712020:5af7a3fc-6e7a-4877-a93a-01a122fcc36d | AR393: 0|i000cn: | AS393: Semana 6 | AU393: 27.0 | AY393: Por hacer | AZ393: 45967.778 | BA393: 10044 | BB393: MIP-13 | BC393: Mostrar el historial de quedadas participadas
A394: Mostrar la lista de quedadas a futuro | B394: MIP-65 | C394: 10135 | D394: Historia | E394: Tareas por hacer | F394: MIP | G394: Proyecto Intermodular | H394: software | I394: Alberto Puig Parellada | J394: 712020:5af7a3fc-6e7a-4877-a93a-01a122fcc36d | L394: Medium | N394: Alberto Puig Parellada | O394: 712020:5af7a3fc-6e7a-4877-a93a-01a122fcc36d | P394: Alberto Puig Parellada | Q394: 712020:5af7a3fc-6e7a-4877-a93a-01a122fcc36d | R394: Alberto Puig Parellada | S394: 712020:5af7a3fc-6e7a-4877-a93a-01a122fcc36d | T394: 45967.776 | U394: 45983.532 | V394: 45983.532 | Y394: 0 | Z394: Como usuario quiero poder ver una lista con todas las quedadas en las que voy a participar y que todavía no ha pasado su fecha para poder ver las quedadas a las que tendré que asistir, desapuntarme de las quedadas, o gestionarlas | AB394: Alberto Puig Parellada | AC394: 712020:5af7a3fc-6e7a-4877-a93a-01a122fcc36d | AR394: 0|i000cf: | AS394: Semana 6 | AT394: 45982 | AU394: 27.0 | AY394: Por hacer | AZ394: 45967.776 | BA394: 10044 | BB394: MIP-13 | BC394: Mostrar el historial de quedadas participadas
A395: Mostrar la lista de quedadas en las que ha participado el usuario | B395: MIP-64 | C395: 10133 | D395: Historia | E395: Tareas por hacer | F395: MIP | G395: Proyecto Intermodular | H395: software | I395: Alberto Puig Parellada | J395: 712020:5af7a3fc-6e7a-4877-a93a-01a122fcc36d | L395: Medium | N395: Alberto Puig Parellada | O395: 712020:5af7a3fc-6e7a-4877-a93a-01a122fcc36d | P395: Alberto Puig Parellada | Q395: 712020:5af7a3fc-6e7a-4877-a93a-01a122fcc36d | R395: Alberto Puig Parellada | S395: 712020:5af7a3fc-6e7a-4877-a93a-01a122fcc36d | T395: 45967.774 | U395: 45983.534 | V395: 45983.534 | Y395: 0 | Z395: Como usuario quiero poder ver una lista con todas las quedadas en las que he participado y que ya ha pasado su fecha para poder ver quedadas he participado, con sus correspondientes puntuaciones, jugadores y demás información | AB395: Alberto Puig Parellada | AC395: 712020:5af7a3fc-6e7a-4877-a93a-01a122fcc36d | AR395: 0|i000c7: | AS395: Semana 6 | AT395: 46023 | AU395: 27.0 | AY395: Por hacer | AZ395: 45967.774 | BA395: 10044 | BB395: MIP-13 | BC395: Mostrar el historial de quedadas participadas
A396: Mostrar botón de negar puntuación | B396: MIP-63 | C396: 10131 | D396: Historia | E396: Tareas por hacer | F396: MIP | G396: Proyecto Intermodular | H396: software | I396: Alberto Puig Parellada | J396: 712020:5af7a3fc-6e7a-4877-a93a-01a122fcc36d | L396: Medium | N396: Alberto Puig Parellada | O396: 712020:5af7a3fc-6e7a-4877-a93a-01a122fcc36d | P396: Alberto Puig Parellada | Q396: 712020:5af7a3fc-6e7a-4877-a93a-01a122fcc36d | R396: Alberto Puig Parellada | S396: 712020:5af7a3fc-6e7a-4877-a93a-01a122fcc36d | T396: 45967.772 | U396: 45983.078 | Y396: 0 | Z396: Como usuario participante de una quedada quiero ver un botón de negar puntuación de la quedada para poder indicar que la puntuación que se ha puesto a la quedada es incorrecta | AB396: Alberto Puig Parellada | AC396: 712020:5af7a3fc-6e7a-4877-a93a-01a122fcc36d | AR396: 0|hzzzzn: | AS396: Semana 7 | AU396: 52.0 | AY396: Por hacer | AZ396: 45967.772 | BA396: 10043 | BB396: MIP-12 | BC396: Confirmación puntuaciones asignadas a las quedadas
A397: Mostrar botón de confirmar puntuación | B397: MIP-62 | C397: 10129 | D397: Historia | E397: Tareas por hacer | F397: MIP | G397: Proyecto Intermodular | H397: software | I397: Alberto Puig Parellada | J397: 712020:5af7a3fc-6e7a-4877-a93a-01a122fcc36d | L397: Medium | N397: Alberto Puig Parellada | O397: 712020:5af7a3fc-6e7a-4877-a93a-01a122fcc36d | P397: Alberto Puig Parellada | Q397: 712020:5af7a3fc-6e7a-4877-a93a-01a122fcc36d | R397: Alberto Puig Parellada | S397: 712020:5af7a3fc-6e7a-4877-a93a-01a122fcc36d | T397: 45967.772 | U397: 45983.077 | V397: 45982.928 | Y397: 0 | Z397: Como usuario participante de una quedada quiero que se me muestre un botón de confirmar puntuación de la quedada para poder confirmar que la puntuación indicada es la correcta | AB397: Alberto Puig Parellada | AC397: 712020:5af7a3fc-6e7a-4877-a93a-01a122fcc36d | AR397: 0|hzzzzj: | AS397: Semana 7 | AU397: 52.0 | AY397: Por hacer | AZ397: 45967.772 | BA397: 10043 | BB397: MIP-12 | BC397: Confirmación puntuaciones asignadas a las quedadas
A398: Aplicar puntuaciones | B398: MIP-61 | C398: 10127 | D398: Historia | E398: Tareas por hacer | F398: MIP | G398: Proyecto Intermodular | H398: software | I398: Alberto Puig Parellada | J398: 712020:5af7a3fc-6e7a-4877-a93a-01a122fcc36d | L398: Medium | N398: Alberto Puig Parellada | O398: 712020:5af7a3fc-6e7a-4877-a93a-01a122fcc36d | P398: Alberto Puig Parellada | Q398: 712020:5af7a3fc-6e7a-4877-a93a-01a122fcc36d | R398: Alberto Puig Parellada | S398: 712020:5af7a3fc-6e7a-4877-a93a-01a122fcc36d | T398: 45967.765 | U398: 45983.042 | Y398: 0 | Z398: Como usuario creador de la quedada quiero poder aplicar las puntuaciones que he indicado para cada equipo para que se guarden en la base de datos de la web | AB398: Alberto Puig Parellada | AC398: 712020:5af7a3fc-6e7a-4877-a93a-01a122fcc36d | AR398: 0|i000bj: | AS398: Semana 4 | AU398: 24.0 | AY398: Por hacer | AZ398: 45967.765 | BA398: 10042 | BB398: MIP-11 | BC398: Asignar puntuaciones al finalizar una quedada
A399: Mostrar formulario de asignación de puntuaciones a los equipos | B399: MIP-60 | C399: 10125 | D399: Historia | E399: Tareas por hacer | F399: MIP | G399: Proyecto Intermodular | H399: software | I399: Alberto Puig Parellada | J399: 712020:5af7a3fc-6e7a-4877-a93a-01a122fcc36d | L399: Medium | N399: Alberto Puig Parellada | O399: 712020:5af7a3fc-6e7a-4877-a93a-01a122fcc36d | P399: Alberto Puig Parellada | Q399: 712020:5af7a3fc-6e7a-4877-a93a-01a122fcc36d | R399: Alberto Puig Parellada | S399: 712020:5af7a3fc-6e7a-4877-a93a-01a122fcc36d | T399: 45967.765 | U399: 45983.042 | Y399: 0 | Z399: Como usuario creador de la quedada quiero ver el formulario de asignación de puntuación a los equipos para poder indicar que puntuación obtuvo cada equipo en la quedada | AB399: Alberto Puig Parellada | AC399: 712020:5af7a3fc-6e7a-4877-a93a-01a122fcc36d | AR399: 0|i000bb: | AS399: Semana 4 | AU399: 20.0 | AY399: Por hacer | AZ399: 45967.765 | BA399: 10042 | BB399: MIP-11 | BC399: Asignar puntuaciones al finalizar una quedada
A400: Mostrar lista de grupos y usuarios participantes de la quedada | B400: MIP-59 | C400: 10123 | D400: Historia | E400: Tareas por hacer | F400: MIP | G400: Proyecto Intermodular | H400: software | I400: Alberto Puig Parellada | J400: 712020:5af7a3fc-6e7a-4877-a93a-01a122fcc36d | L400: Medium | N400: Alberto Puig Parellada | O400: 712020:5af7a3fc-6e7a-4877-a93a-01a122fcc36d | P400: Alberto Puig Parellada | Q400: 712020:5af7a3fc-6e7a-4877-a93a-01a122fcc36d | R400: Alberto Puig Parellada | S400: 712020:5af7a3fc-6e7a-4877-a93a-01a122fcc36d | T400: 45967.765 | U400: 45983.042 | Y400: 0 | Z400: Como usuario creador de la quedada quiero ver la lista de equipos y los usuarios participantes de los grupos de una quedada para saber qué puntuación le debo asignar a cada equipo | AB400: Alberto Puig Parellada | AC400: 712020:5af7a3fc-6e7a-4877-a93a-01a122fcc36d | AR400: 0|i000b3: | AS400: Semana 4 | AU400: 22.0 | AY400: Por hacer | AZ400: 45967.765 | BA400: 10042 | BB400: MIP-11 | BC400: Asignar puntuaciones al finalizar una quedada
A401: Mostrar quedadas que no han cumplido los requisitos | B401: MIP-58 | C401: 10121 | D401: Historia | E401: Tareas por hacer | F401: MIP | G401: Proyecto Intermodular | H401: software | I401: Alberto Puig Parellada | J401: 712020:5af7a3fc-6e7a-4877-a93a-01a122fcc36d | L401: Medium | N401: Alberto Puig Parellada | O401: 712020:5af7a3fc-6e7a-4877-a93a-01a122fcc36d | P401: Alberto Puig Parellada | Q401: 712020:5af7a3fc-6e7a-4877-a93a-01a122fcc36d | R401: Alberto Puig Parellada | S401: 712020:5af7a3fc-6e7a-4877-a93a-01a122fcc36d | T401: 45967.759 | U401: 45983.042 | V401: 45983.524 | Y401: 0 | Z401: Como usuario quiero ver las quedadas que han llegado a la fecha de realización y no han cumplido los requisitos mínimos para saber que el sistema no las tendrá en cuenta como quedadas realizadas | AB401: Alberto Puig Parellada | AC401: 712020:5af7a3fc-6e7a-4877-a93a-01a122fcc36d | AR401: 0|i000av: | AS401: Semana 4 | AU401: 32.0 | AY401: Por hacer | AZ401: 45967.759 | BA401: 10051 | BB401: MIP-20 | BC401: Sistema de requisitos mínimos para que se de una quedada
A402: Mostrar requisitos de las quedadas en los detalles de las quedadas | B402: MIP-57 | C402: 10119 | D402: Historia | E402: Tareas por hacer | F402: MIP | G402: Proyecto Intermodular | H402: software | I402: Alberto Puig Parellada | J402: 712020:5af7a3fc-6e7a-4877-a93a-01a122fcc36d | L402: Medium | N402: Alberto Puig Parellada | O402: 712020:5af7a3fc-6e7a-4877-a93a-01a122fcc36d | P402: Alberto Puig Parellada | Q402: 712020:5af7a3fc-6e7a-4877-a93a-01a122fcc36d | R402: Alberto Puig Parellada | S402: 712020:5af7a3fc-6e7a-4877-a93a-01a122fcc36d | T402: 45967.758 | U402: 45983.042 | V402: 45983.524 | Y402: 0 | Z402: Como usuario quiero ver los requisitos que tiene una quedada para saber cuáles son los mínimos para que la quedada se lleve a cabo | AB402: Alberto Puig Parellada | AC402: 712020:5af7a3fc-6e7a-4877-a93a-01a122fcc36d | AR402: 0|i000an: | AS402: Semana 4 | AU402: 33.0 | AY402: Por hacer | AZ402: 45967.758 | BA402: 10051 | BB402: MIP-20 | BC402: Sistema de requisitos mínimos para que se de una quedada
A403: Confirmar reporte de usuario | B403: MIP-56 | C403: 10117 | D403: Historia | E403: Tareas por hacer | F403: MIP | G403: Proyecto Intermodular | H403: software | I403: Alberto Puig Parellada | J403: 712020:5af7a3fc-6e7a-4877-a93a-01a122fcc36d | L403: Medium | N403: Alberto Puig Parellada | O403: 712020:5af7a3fc-6e7a-4877-a93a-01a122fcc36d | P403: Alberto Puig Parellada | Q403: 712020:5af7a3fc-6e7a-4877-a93a-01a122fcc36d | R403: Alberto Puig Parellada | S403: 712020:5af7a3fc-6e7a-4877-a93a-01a122fcc36d | T403: 45967.755 | U403: 45983.041 | Y403: 0 | Z403: Como usuario poder confirmar el reporte del usuario para que se aplique y sea reportado | AB403: Alberto Puig Parellada | AC403: 712020:5af7a3fc-6e7a-4877-a93a-01a122fcc36d | AR403: 0|i000af: | AS403: Semana 3 | AU403: 16.0 | AY403: Por hacer | AZ403: 45967.755 | BA403: 10041 | BB403: MIP-10 | BC403: Sistema de reportes de usuarios
A404: Mostrar formulario de reporte de los usuarios | B404: MIP-55 | C404: 10115 | D404: Historia | E404: Tareas por hacer | F404: MIP | G404: Proyecto Intermodular | H404: software | I404: Alberto Puig Parellada | J404: 712020:5af7a3fc-6e7a-4877-a93a-01a122fcc36d | L404: Medium | N404: Alberto Puig Parellada | O404: 712020:5af7a3fc-6e7a-4877-a93a-01a122fcc36d | P404: Alberto Puig Parellada | Q404: 712020:5af7a3fc-6e7a-4877-a93a-01a122fcc36d | R404: Alberto Puig Parellada | S404: 712020:5af7a3fc-6e7a-4877-a93a-01a122fcc36d | T404: 45967.754 | U404: 45983.041 | Y404: 0 | Z404: Como usuario quiero ver el formulario de reporte de un usuario para introducir la información acerca del usuario fraudulento | AB404: Alberto Puig Parellada | AC404: 712020:5af7a3fc-6e7a-4877-a93a-01a122fcc36d | AR404: 0|i000a7: | AS404: Semana 3 | AU404: 16.0 | AY404: Por hacer | AZ404: 45967.754 | BA404: 10041 | BB404: MIP-10 | BC404: Sistema de reportes de usuarios
A405: Mostrar botón de reporte en los usuarios | B405: MIP-54 | C405: 10113 | D405: Historia | E405: Tareas por hacer | F405: MIP | G405: Proyecto Intermodular | H405: software | I405: Alberto Puig Parellada | J405: 712020:5af7a3fc-6e7a-4877-a93a-01a122fcc36d | L405: Medium | N405: Alberto Puig Parellada | O405: 712020:5af7a3fc-6e7a-4877-a93a-01a122fcc36d | P405: Alberto Puig Parellada | Q405: 712020:5af7a3fc-6e7a-4877-a93a-01a122fcc36d | R405: Alberto Puig Parellada | S405: 712020:5af7a3fc-6e7a-4877-a93a-01a122fcc36d | T405: 45967.754 | U405: 45983.529 | V405: 45983.531 | Y405: 0 | Z405: Como usuario quiero ver el botón de reportar usuario en los usuarios para poder acceder a los formularios de reporte de usuario | AR405: 0|i0009z: | AS405: Semana 3 | AU405: 15.0 | AY405: Por hacer | AZ405: 45967.754 | BA405: 10041 | BB405: MIP-10 | BC405: Sistema de reportes de usuarios
A406: Confirmar reporte de quedada | B406: MIP-53 | C406: 10111 | D406: Historia | E406: Tareas por hacer | F406: MIP | G406: Proyecto Intermodular | H406: software | I406: Alberto Puig Parellada | J406: 712020:5af7a3fc-6e7a-4877-a93a-01a122fcc36d | L406: Medium | N406: Alberto Puig Parellada | O406: 712020:5af7a3fc-6e7a-4877-a93a-01a122fcc36d | P406: Alberto Puig Parellada | Q406: 712020:5af7a3fc-6e7a-4877-a93a-01a122fcc36d | R406: Alberto Puig Parellada | S406: 712020:5af7a3fc-6e7a-4877-a93a-01a122fcc36d | T406: 45967.753 | U406: 45983.041 | Y406: 0 | Z406: Como usuario quiero poder confirmar el reporte de la quedada para que se aplique y sea reportada | AB406: Alberto Puig Parellada | AC406: 712020:5af7a3fc-6e7a-4877-a93a-01a122fcc36d | AR406: 0|i0009r: | AS406: Semana 3 | AU406: 11.0 | AY406: Por hacer | AZ406: 45967.753 | BA406: 10040 | BB406: MIP-9 | BC406: Sistema de reportes para las quedadas
...

Sheet Limpio
A1: Resumen | B1: Tipo | C1: Estado | D1: Descripción | E1: Persona asignada | F1: Campo personalizado (Story point estimate) | G1: Campo personalizado (Start date) | H1: Fecha de vencimiento | I1: Sprint
A2: Integrar sistema de notificaciones con el flujo de compra | B2: Subtarea | C2: Tareas por hacer | D2: Asegurarse de que la notificación por correo electrónico se envíe automáticamente al finalizar el proceso de compra exitosamente. | E2: Alberto Puig Parellada | F2: 43.0 | G2: =VLOOKUP(I2,Sprints!$A$2:$C$100, 2, FALSE) -> 46125 | I2: Semanas 17 - 18
A3: Realizar pruebas de envío de notificaciones por correo electrónico | B3: Subtarea | C3: Tareas por hacer | D3: Probar el envío de correos electrónicos para verificar que la información enviada sea correcta y que el correo llegue al destinatario. | E3: Alberto Puig Parellada | F3: 43.0 | G3: =VLOOKUP(I3,Sprints!$A$2:$C$100, 2, FALSE) -> 46125 | I3: Semanas 17 - 18
A4: Implementar lógica para generar y enviar notificación por correo electrónico | B4: Subtarea | C4: Tareas por hacer | D4: Desarrollar la funcionalidad que genere y envíe el correo electrónico al usuario después de realizar una compra, utilizando la plantilla diseñada. | E4: Alberto Puig Parellada | F4: 43.0 | G4: =VLOOKUP(I4,Sprints!$A$2:$C$100, 2, FALSE) -> 46125 | I4: Semanas 17 - 18
A5: Documentar el proceso de notificación por correo electrónico | B5: Subtarea | C5: Tareas por hacer | D5: Crear documentación técnica y de usuario sobre cómo funciona el sistema de notificaciones por correo electrónico y qué información se incluye. | E5: Alberto Puig Parellada | F5: 43.0 | G5: =VLOOKUP(I5,Sprints!$A$2:$C$100, 2, FALSE) -> 46125 | I5: Semanas 17 - 18
A6: Mostrar mensajes de éxito o error tras el pago | B6: Subtarea | C6: Tareas por hacer | D6: Implementar la lógica para mostrar mensajes claros al usuario según el resultado del intento de pago (éxito, error, datos incorrectos, etc.). | E6: Alberto Puig Parellada | F6: 52.0 | G6: =VLOOKUP(I6,Sprints!$A$2:$C$100, 2, FALSE) -> 46111 | I6: Semanas 15 - 16
A7: Probar el formulario de pago en diferentes dispositivos y navegadores | B7: Subtarea | C7: Tareas por hacer | D7: Realizar pruebas funcionales y de usabilidad del formulario de pago en distintos dispositivos y navegadores para asegurar su correcto funcionamiento. | E7: Alberto Puig Parellada | F7: 52.0 | G7: =VLOOKUP(I7,Sprints!$A$2:$C$100, 2, FALSE) -> 46111 | I7: Semanas 15 - 16
A8: Integrar el formulario con la pasarela de pago | B8: Subtarea | C8: Tareas por hacer | D8: Conectar el formulario de pago con la pasarela de pago seleccionada para procesar los pagos de la suscripción premium. | E8: Alberto Puig Parellada | F8: 52.0 | G8: =VLOOKUP(I8,Sprints!$A$2:$C$100, 2, FALSE) -> 46111 | I8: Semanas 15 - 16
A9: Implementar campos y validaciones del formulario de pago | B9: Subtarea | C9: Tareas por hacer | D9: Desarrollar los campos necesarios (nombre, número de tarjeta, fecha de expiración, CVV, etc.) y agregar validaciones para asegurar la correcta introducción de los datos. | E9: Alberto Puig Parellada | F9: 52.0 | G9: =VLOOKUP(I9,Sprints!$A$2:$C$100, 2, FALSE) -> 46111 | I9: Semanas 15 - 16
A10: Realizar pruebas de visualización de anuncios en diferentes dispositivos | B10: Subtarea | C10: Tareas por hacer | D10: Probar la correcta visualización y funcionamiento de los anuncios en las listas de quedadas en distintos dispositivos y resoluciones. | E10: Alberto Puig Parellada | F10: 22.0 | G10: =VLOOKUP(I10,Sprints!$A$2:$C$100, 2, FALSE) -> 46125 | I10: Semanas 17 - 18
A11: Implementar la lógica para mostrar anuncios solo a usuarios no premium | B11: Subtarea | C11: Tareas por hacer | D11: Desarrollar la funcionalidad que verifica el tipo de usuario y muestra anuncios únicamente a los usuarios no premium en las listas de quedadas. | E11: Alberto Puig Parellada | F11: 22.0 | G11: =VLOOKUP(I11,Sprints!$A$2:$C$100, 2, FALSE) -> 46125 | I11: Semanas 17 - 18
A12: Recopilar métricas básicas de visualización de anuncios | B12: Subtarea | C12: Tareas por hacer | D12: Implementar la recopilación de datos sobre la visualización de anuncios (impresiones, clics) para futuras mejoras y análisis. | E12: Alberto Puig Parellada | F12: 22.0 | G12: =VLOOKUP(I12,Sprints!$A$2:$C$100, 2, FALSE) -> 46125 | I12: Semanas 17 - 18
A13: Integrar el sistema de anuncios con el backend de las listas de quedadas | B13: Subtarea | C13: Tareas por hacer | D13: Conectar el sistema de anuncios existente o nuevo con el backend que gestiona las listas de quedadas para que los anuncios se carguen dinámicamente. | E13: Alberto Puig Parellada | F13: 22.0 | G13: =VLOOKUP(I13,Sprints!$A$2:$C$100, 2, FALSE) -> 46125 | I13: Semanas 17 - 18
... A339: Mostrar lista de amistades | B339: Historia | C339: Tareas por hacer | D339: Como usuario quiero poder ver mi lista de amistades para saber y gestionar los usuarios que he añadido como amigos | E339: Alberto Puig Parellada | F339: 15.0 | G339: =VLOOKUP(I339,Sprints!$A$2:$C$100, 2, FALSE) -> 46069 | I339: Semana 9
A340: Lista de amistades | B340: Epic | C340: Tareas por hacer | E340: Alberto Puig Parellada | F340: 15.0 | G340: =VLOOKUP(I340,Sprints!$A$2:$C$100, 2, FALSE) -> #N/A
A341: Mostrar botón de añadir amigo | B341: Historia | C341: Tareas por hacer | D341: Como usuario quiero ver un botón de añadir amigo en los usuario sq ue vea en la web para poder añadir al usuario a mi lista de amigos | E341: Alberto Puig Parellada | F341: 11.0 | G341: =VLOOKUP(I341,Sprints!$A$2:$C$100, 2, FALSE) -> 46069 | I341: Semana 9
A342: Ver detalles del perfil de un usuario | B342: Historia | C342: Tareas por hacer | D342: Como usuario quiero ver la información del perfil del usuario para poder conocer más acerca de un usuario o realizar acciones como reportar o añadir a amigos | E342: Alberto Puig Parellada | F342: 10.0 | G342: =VLOOKUP(I342,Sprints!$A$2:$C$100, 2, FALSE) -> 46069 | I342: Semana 9
A343: Mostrar botón de ver usuario en los usuarios de las quedadas, grupos y chats | B343: Historia | C343: Tareas por hacer | D343: Como usuario quiero ver un botón de ver perfil en los usuarios que se muestren en la aplicación para poder acceder a la información del perfil del usuario | E343: Alberto Puig Parellada | F343: 11.0 | G343: =VLOOKUP(I343,Sprints!$A$2:$C$100, 2, FALSE) -> 46069 | I343: Semana 9
A344: Ver perfiles de otros usuarios | B344: Epic | C344: Tareas por hacer | E344: Alberto Puig Parellada | F344: 10.0 | G344: =VLOOKUP(I344,Sprints!$A$2:$C$100, 2, FALSE) -> #N/A
A345: Eliminación de una quedada con confirmación | B345: Epic | C345: Tareas por hacer | E345: Alberto Puig Parellada | F345: 45.0 | G345: =VLOOKUP(I345,Sprints!$A$2:$C$100, 2, FALSE) -> #N/A
A346: Modificación de una quedada con confirmación | B346: Epic | C346: Tareas por hacer | E346: Alberto Puig Parellada | F346: 50.0 | G346: =VLOOKUP(I346,Sprints!$A$2:$C$100, 2, FALSE) -> #N/A
A347: Añadir usuarios amigos | B347: Epic | C347: Tareas por hacer | E347: Alberto Puig Parellada | F347: 10.0 | G347: =VLOOKUP(I347,Sprints!$A$2:$C$100, 2, FALSE) -> #N/A
A348: Crear endpoint para la verificación del correo electrónico | B348: Subtarea | C348: Tareas por hacer | D348: Desarrollar un endpoint que reciba la solicitud de verificación y valide el token enviado al correo del usuario. | E348: Alberto Puig Parellada | F348: 12.0 | G348: =VLOOKUP(I348,Sprints!$A$2:$C$100, 2, FALSE) -> 46013 | I348: Semana 1
A349: Implementar el envío automático del correo de confirmación | B349: Subtarea | C349: Tareas por hacer | D349: Desarrollar la funcionalidad que envía automáticamente el correo de confirmación al usuario después de que se registre. | E349: Alberto Puig Parellada | F349: 12.0 | G349: =VLOOKUP(I349,Sprints!$A$2:$C$100, 2, FALSE) -> 46013 | I349: Semana 1
A350: Gestionar mensajes de éxito y error en la verificación | B350: Subtarea | C350: Tareas por hacer | D350: Implementar mensajes claros para el usuario en caso de éxito o error al verificar su correo electrónico. | E350: Alberto Puig Parellada | F350: 12.0 | G350: =VLOOKUP(I350,Sprints!$A$2:$C$100, 2, FALSE) -> 46013 | I350: Semana 1
A351: Generar y almacenar el token de verificación | B351: Subtarea | C351: Tareas por hacer | D351: Crear un sistema para generar un token único de verificación y almacenarlo asociado al usuario para validar la confirmación del correo. | E351: Alberto Puig Parellada | F351: 12.0 | G351: =VLOOKUP(I351,Sprints!$A$2:$C$100, 2, FALSE) -> 46013 | I351: Semana 1
A352: Implementar el formulario de registro en la aplicación | B352: Subtarea | C352: Tareas por hacer | D352: Desarrollar el formulario de registro en la aplicación, asegurando que los campos sean interactivos y permitan la introducción de datos por parte del usuario. | E352: Alberto Puig Parellada | F352: 10.0 | G352: =VLOOKUP(I352,Sprints!$A$2:$C$100, 2, FALSE) -> 46013 | I352: Semana 1
A353: Validar los campos del formulario de registro | B353: Subtarea | C353: Tareas por hacer | D353: Agregar validaciones a los campos del formulario para asegurar que los datos introducidos por el usuario sean correctos (por ejemplo, formato de correo electrónico, longitud de la contraseña, campos obligatorios, etc.). | E353: Alberto Puig Parellada | F353: 10.0 | G353: =VLOOKUP(I353,Sprints!$A$2:$C$100, 2, FALSE) -> 46013 | I353: Semana 1
A354: Mostrar mensajes de error y éxito en el formulario de registro | B354: Subtarea | C354: Tareas por hacer | D354: Implementar la visualización de mensajes de error cuando los datos introducidos no sean válidos y mensajes de éxito cuando el registro se complete correctamente. | E354: Alberto Puig Parellada | F354: 10.0 | G354: =VLOOKUP(I354,Sprints!$A$2:$C$100, 2, FALSE) -> 46013 | I354: Semana 1
A355: Diseñar la interfaz del formulario de registro | B355: Subtarea | C355: Tareas por hacer | D355: Crear el diseño visual del formulario de registro, definiendo los campos necesarios (nombre, correo electrónico, contraseña, etc.) y la disposición de los elementos en la pantalla. | E355: Alberto Puig Parellada | F355: 10.0 | G355: =VLOOKUP(I355,Sprints!$A$2:$C$100, 2, FALSE) -> 46013 | I355: Semana 1
A356: Mostrar botón de imagen para enviar fotos | B356: Historia | C356: Tareas por hacer | D356: Como usuario perteneciente a un grupo/chat quiero ver un botón de imagen para poder enviar imágenes por el grupo/chat | E356: Alberto Puig Parellada | F356: 38.0 | G356: =VLOOKUP(I356,Sprints!$A$2:$C$100, 2, FALSE) -> 46097 | I356: Semanas 13 - 14
A357: Mostrar sección de texto para enviar un mensaje | B357: Historia | C357: Tareas por hacer | D357: Como usuario perteneciente a un grupo/chat quiero ver el cuadro de introducción de texto para poder enviar mensajes por el grupo/chat | E357: Alberto Puig Parellada | F357: 37.0 | G357: =VLOOKUP(I357,Sprints!$A$2:$C$100, 2, FALSE) -> 46097 | I357: Semanas 13 - 14
A358: Mostrar formulario de edición de los detalles del grupo | B358: Historia | C358: Tareas por hacer | D358: Como usuario administrador/creador de un grupo quiero ver el formulario de edición de los detalles del grupo para poder cambiar la información del grupo | E358: Alberto Puig Parellada | F358: 33.0 | G358: =VLOOKUP(I358,Sprints!$A$2:$C$100, 2, FALSE) -> 46083 | I358: Semanas 11 - 12
A359: Mostrar detalles del grupo | B359: Historia | C359: Tareas por hacer | D359: Como usuario de un grupo quiero poder ver los detalles del grupo como el nombre la descripción y la foto para saber en qué grupo estoy y para que se hizo el grupo | E359: Alberto Puig Parellada | F359: 31.0 | G359: =VLOOKUP(I359,Sprints!$A$2:$C$100, 2, FALSE) -> 46083 | I359: Semanas 11 - 12
... A373: Mostrar la lista de grupos y chats en los que el usuario participa | B373: Historia | C373: Tareas por hacer | D373: Como usuario quiero ver la lista de los grupos y los chats a los que pertenezco para poder entrar a ellos y chatear | E373: Alberto Puig Parellada | F373: 15.0 | G373: =VLOOKUP(I373,Sprints!$A$2:$C$100, 2, FALSE) -> 46083 | I373: Semanas 11 - 12
A374: Lista de grupos y chats del usuario con filtros | B374: Epic | C374: Tareas por hacer | E374: Alberto Puig Parellada | F374: 15.0 | G374: =VLOOKUP(I374,Sprints!$A$2:$C$100, 2, FALSE) -> #N/A
A375: Enviar notificación por correo electrónico | B375: Historia | C375: Tareas por hacer | D375: Como usuario quiero que me llegue al correo electrónico una notificación con el resumen de la compra realizada, los beneficios, la duración, el costo y otra información interesante para estar bien informado de y documentado del pago realizado | E375: Alberto Puig Parellada | F375: 43.0 | G375: =VLOOKUP(I375,Sprints!$A$2:$C$100, 2, FALSE) -> 46125 | I375: Semanas 17 - 18
A376: Confirmar suscripción premium | B376: Historia | C376: Tareas por hacer | D376: Como usuario quiero poder confirmar que estoy de acuerdo con todos los requisitos, beneficios y costos del premium para poder finalizar el proceso de cambio a cuenta premium | E376: Alberto Puig Parellada | F376: 54.0 | G376: =VLOOKUP(I376,Sprints!$A$2:$C$100, 2, FALSE) -> 46111 | I376: Semanas 15 - 16
A377: Mostrar formulario de pago para la suscripción premium | B377: Historia | C377: Tareas por hacer | D377: Como usuario quiero ver el formulario de pago de la suscripción premium para poder hacer el pago y tener mi cuenta premium | E377: Alberto Puig Parellada | F377: 52.0 | G377: =VLOOKUP(I377,Sprints!$A$2:$C$100, 2, FALSE) -> 46111 | I377: Semanas 15 - 16
A378: Mostrar ventajas y requisitos para el premium | B378: Historia | C378: Tareas por hacer | D378: Como usuario quiero ver todos los beneficios que me ofrece el hacerme premium y todos los requisitos que el premium requiere, como el costo, para saber si me interesa hacerme usuario premium | E378: Alberto Puig Parellada | F378: 50.0 | G378: =VLOOKUP(I378,Sprints!$A$2:$C$100, 2, FALSE) -> 46076 | I378: Semana 10
A379: Mostrar botón de premium en el perfil | B379: Historia | C379: Tareas por hacer | D379: Como usuario quiero ver el botón de premium en mi perfil para poder acceder a la sección en la que hacerme premium | E379: Alberto Puig Parellada | F379: 38.0 | G379: =VLOOKUP(I379,Sprints!$A$2:$C$100, 2, FALSE) -> 46076 | I379: Semana 10
A380: Mostrar anuncios en las listas de quedadas | B380: Historia | C380: Tareas por hacer | D380: Como usuario no premium quiero ver anuncios en las listas de quedadas para poder acceder a la página de forma gratuita | E380: Alberto Puig Parellada | F380: 22.0 | G380: =VLOOKUP(I380,Sprints!$A$2:$C$100, 2, FALSE) -> 46125 | I380: Semanas 17 - 18
A381: Mostrar filtros para los detalles competitivos | B381: Historia | C381: Tareas por hacer | D381: Como usuario quiero ver el formulario de filtros de los detalles competitivos para poder ver la información competitiva que me interesa como la de un deporte en concreto | E381: Alberto Puig Parellada | F381: 31.0 | G381: =VLOOKUP(I381,Sprints!$A$2:$C$100, 2, FALSE) -> 46062 | I381: Semana 8
A382: Mostrar la puntuación competitiva del usuario | B382: Historia | C382: Tareas por hacer | D382: Como usuario quiero ver puntuación competitiva para estar informado de mis capacidades competitivas en el deporte filtrado | E382: Alberto Puig Parellada | F382: 30.0 | G382: =VLOOKUP(I382,Sprints!$A$2:$C$100, 2, FALSE) -> 46062 | I382: Semana 8
A383: Mostrar el historial de quedadas competitivas con sus detalles | B383: Historia | C383: Tareas por hacer | D383: Como usuario quiero ver una lista con las quedadas competitivas en las que he participado y sus correspondientes detalles para estar informado de mis capacidades competitivas en el deporte filtrado | E383: Alberto Puig Parellada | F383: 34.0 | G383: =VLOOKUP(I383,Sprints!$A$2:$C$100, 2, FALSE) -> 46062 | I383: Semana 8
A384: Mostrar el ratio de victoria/derrota en quedadas competitivas | B384: Historia | C384: Tareas por hacer | D384: Como usuario quiero ver mi ratio de victorias/derrotas de quedadas competitivas para estar informado de mis capacidades competitivas en el deporte filtrado | E384: Alberto Puig Parellada | F384: 31.0 | G384: =VLOOKUP(I384,Sprints!$A$2:$C$100, 2, FALSE) -> 46062 | I384: Semana 8
A385: Mostrar la cantidad de quedadas competitivas perdidas | B385: Historia | C385: Tareas por hacer | D385: Como usuario quiero ver mi total de quedadas competitivas perdidas para estar informado de mis capacidades competitivas en el deporte filtrado | E385: Alberto Puig Parellada | F385: 32.0 | G385: =VLOOKUP(I385,Sprints!$A$2:$C$100, 2, FALSE) -> 46062 | I385: Semana 8
A386: Mostrar la cantidad de quedadas competitivas empatadas | B386: Historia | C386: Tareas por hacer | D386: Como usuario quiero ver mi total de quedadas competitivas empatadas para estar informado de mis capacidades competitivas en el deporte filtrado | E386: Alberto Puig Parellada | F386: 32.0 | G386: =VLOOKUP(I386,Sprints!$A$2:$C$100, 2, FALSE) -> 46062 | I386: Semana 8
... A430: Ver el formulario de registro | B430: Historia | C430: Tareas por hacer | D430: Como usuario quiero ver el formulario de registro para poder introducir mis datos y registrarme | E430: Alberto Puig Parellada | F430: 10.0 | G430: =VLOOKUP(I430,Sprints!$A$2:$C$100, 2, FALSE) -> 46013 | I430: Semana 1
A431: Modificación de los detalles de un grupo de chat | B431: Epic | C431: Tareas por hacer | E431: Alberto Puig Parellada | F431: 30.0
A432: Modificación de los participantes de un grupo de chat | B432: Epic | C432: Tareas por hacer | E432: Alberto Puig Parellada | F432: 35.0
A433: Enviar mensajes a través de un chat | B433: Epic | C433: Tareas por hacer | E433: Alberto Puig Parellada | F433: 35.0
A434: Cambiar la infomación del usuario | B434: Epic | C434: Tareas por hacer | E434: Alberto Puig Parellada | F434: 15.0
A435: Mostrar la información del usuario (Perfil) | B435: Epic | C435: Tareas por hacer | E435: Alberto Puig Parellada | F435: 10.0
A436: Inicio de sesión para el usuario | B436: Epic | C436: Tareas por hacer | E436: Alberto Puig Parellada | F436: 15.0
A437: Sistema de requisitos mínimos para que se de una quedada | B437: Epic | C437: Tareas por hacer | E437: Alberto Puig Parellada | F437: 30.0
A438: Sistema de anuncios | B438: Epic | C438: Tareas por hacer | E438: Alberto Puig Parellada | F438: 20.0
A439: Sistema de usuarios premium/no premium con pasarela de pago | B439: Epic | C439: Tareas por hacer | E439: Alberto Puig Parellada | F439: 50.0
A440: Crear grupos de chats y chats con usuarios | B440: Epic | C440: Tareas por hacer | E440: Alberto Puig Parellada | F440: 30.0
A441: Mostrar los detalles competitivos | B441: Epic | C441: Tareas por hacer | E441: Alberto Puig Parellada | F441: 30.0
A442: Mostrar el historial de quedadas participadas | B442: Epic | C442: Tareas por hacer | E442: Alberto Puig Parellada | F442: 25.0
... A452: Registro para el usuario | B452: Epic | C452: Tareas por hacer | E452: Alberto Puig Parellada | F452: 10.0

Sheet Ordenado
A1: Resumen | B1: Tipo | C1: Estado | D1: Descripción | E1: Persona asignada | F1: Story point | G1: Start Inicio | H1: Fecha Fin | I1: Sprint
A2: Ver perfiles de otros usuarios | B2: Epic | C2: Tareas por hacer | E2: Alberto Puig Parellada | F2: 10.0
A3: Añadir usuarios amigos | B3: Epic | C3: Tareas por hacer | E3: Alberto Puig Parellada | F3: 10.0
A4: Mostrar la información del usuario (Perfil) | B4: Epic | C4: Tareas por hacer | E4: Alberto Puig Parellada | F4: 10.0
A5: Sistema de reportes para las quedadas | B5: Epic | C5: Tareas por hacer | E5: Alberto Puig Parellada | F5: 10.0
A6: Creación de quedadas | B6: Epic | C6: Tareas por hacer | E6: Alberto Puig Parellada | F6: 10.0
A7: Registro para el usuario | B7: Epic | C7: Tareas por hacer | E7: Alberto Puig Parellada | F7: 10.0
A8: Lista de amistades | B8: Epic | C8: Tareas por hacer | E8: Alberto Puig Parellada | F8: 15.0
A9: Lista de grupos y chats del usuario con filtros | B9: Epic | C9: Tareas por hacer | E9: Alberto Puig Parellada | F9: 15.0
A10: Cambiar la infomación del usuario | B10: Epic | C10: Tareas por hacer | E10: Alberto Puig Parellada | F10: 15.0
A11: Inicio de sesión para el usuario | B11: Epic | C11: Tareas por hacer | E11: Alberto Puig Parellada | F11: 15.0
A12: Sistema de reportes de usuarios | B12: Epic | C12: Tareas por hacer | E12: Alberto Puig Parellada | F12: 15.0
A13: Búsqueda de quedadas con filtros | B13: Epic | C13: Tareas por hacer | E13: Alberto Puig Parellada | F13: 15.0
... A29: Confirmación puntuaciones asignadas a las quedadas | B29: Epic | C29: Tareas por hacer | E29: Alberto Puig Parellada | F29: 50.0
A30: Mostrar la información del usuario | B30: Historia | C30: Tareas por hacer | D30: Como usuario quiero ver mi información del perfil para comprobar que está bien y poder acceder a ella | E30: Alberto Puig Parellada | F30: 10.0 | G30: =VLOOKUP(I30,Sprints!$A$2:$C$100, 2, FALSE) -> 46013 | H30: =VLOOKUP(I30,Sprints!$A$2:$C$100, 2, FALSE) -> 46013 | I30: Semana 1
A31: Ver el formulario de creación de quedada | B31: Historia | C31: Tareas por hacer | D31: Como usuario quiero ver el formulario de crear quedadas para poder introducir los datos de mi quedada | E31: Alberto Puig Parellada | F31: 10.0 | G31: =VLOOKUP(I31,Sprints!$A$2:$C$100, 2, FALSE) -> 46013 | H31: =VLOOKUP(I31,Sprints!$A$2:$C$100, 2, FALSE) -> 46013 | I31: Semana 1
A32: Registrar al usuario | B32: Historia | C32: Tareas por hacer | D32: Como usuario quiero que se registre mi cuenta para poder usarla | E32: Alberto Puig Parellada | F32: 10.0 | G32: =VLOOKUP(I32,Sprints!$A$2:$C$100, 2, FALSE) -> 46013 | H32: =VLOOKUP(I32,Sprints!$A$2:$C$100, 2, FALSE) -> 46013 | I32: Semana 1
A33: Ver el formulario de registro | B33: Historia | C33: Tareas por hacer | D33: Como usuario quiero ver el formulario de registro para poder introducir mis datos y registrarme | E33: Alberto Puig Parellada | F33: 10.0 | G33: =VLOOKUP(I33,Sprints!$A$2:$C$100, 2, FALSE) -> 46013 | H33: =VLOOKUP(I33,Sprints!$A$2:$C$100, 2, FALSE) -> 46013 | I33: Semana 1
A34: Mostrar resumen de la quedada creada | B34: Historia | C34: Tareas por hacer | D34: Como usuario quiero ver un resumen de mi quedada creada para verificar que se ha creado bien y con los datos correctos | E34: Alberto Puig Parellada | F34: 11.0 | G34: =VLOOKUP(I34,Sprints!$A$2:$C$100, 2, FALSE) -> 46013 | H34: =VLOOKUP(I34,Sprints!$A$2:$C$100, 2, FALSE) -> 46013 | I34: Semana 1
A35: Crear la quedada | B35: Historia | C35: Tareas por hacer | D35: Como usuario quiero que la página cree mi quedada para poder usarla | E35: Alberto Puig Parellada | F35: 12.0 | G35: =VLOOKUP(I35,Sprints!$A$2:$C$100, 2, FALSE) -> 46013 | H35: =VLOOKUP(I35,Sprints!$A$2:$C$100, 2, FALSE) -> 46013 | I35: Semana 1
A36: Recibir notificación por correo | B36: Historia | C36: Tareas por hacer | D36: Como usuario quiero que se me envíe un correo de notificación al registrar mi cuenta | E36: Alberto Puig Parellada | F36: 12.0 | G36: =VLOOKUP(I36,Sprints!$A$2:$C$100, 2, FALSE) -> 46013 | H36: =VLOOKUP(I36,Sprints!$A$2:$C$100, 2, FALSE) -> 46013 | I36: Semana 1
A37: Enviar correo de confirmación | B37: Historia | C37: Tareas por hacer | D37: Como usuario quiero recibir un correo para que se verifique que he introducido bien mi correo electrónico | E37: Alberto Puig Parellada | F37: 12.0 | G37: =VLOOKUP(I37,Sprints!$A$2:$C$100, 2, FALSE) -> 46013 | H37: =VLOOKUP(I37,Sprints!$A$2:$C$100, 2, FALSE) -> 46013 | I37: Semana 1
A38: Ver el formulario de inicio de sesión | B38: Historia | C38: Tareas por hacer | D38: Como usuario quiero ver el formulario de inicio de sesión para poder introducir mi cuenta e iniciar sesión | E38: Alberto Puig Parellada | F38: 15.0 | G38: =VLOOKUP(I38,Sprints!$A$2:$C$100, 2, FALSE) -> 46013 | H38: =VLOOKUP(I38,Sprints!$A$2:$C$100, 2, FALSE) -> 46013 | I38: Semana 1
A39: Cambiar la contraseña | B39: Historia | C39: Tareas por hacer | D39: Como usuario quiero poder cambiar mi contraseña para poder seleccionar la que desee | E39: Alberto Puig Parellada | F39: 16.0 | G39: =VLOOKUP(I39,Sprints!$A$2:$C$100, 2, FALSE) -> 46013 | H39: =VLOOKUP(I39,Sprints!$A$2:$C$100, 2, FALSE) -> 46013 | I39: Semana 1
A40: Cambiar el correo | B40: Historia | C40: Tareas por hacer | D40: Como usuario quiero poder cambiar mi dirección de correo para poder seleccionar el que desee | E40: Alberto Puig Parellada | F40: 16.0 | G40: =VLOOKUP(I40,Sprints!$A$2:$C$100, 2, FALSE) -> 46013 | H40: =VLOOKUP(I40,Sprints!$A$2:$C$100, 2, FALSE) -> 46013 | I40: Semana 1
A41: Cambiar el nombre de usuario | B41: Historia | C41: Tareas por hacer | D41: Como usuario quiero poder cambiar mi nombre de usuario para poder seleccionar el que desee | E41: Alberto Puig Parellada | F41: 16.0 | G41: =VLOOKUP(I41,Sprints!$A$2:$C$100, 2, FALSE) -> 46013 | H41: =VLOOKUP(I41,Sprints!$A$2:$C$100, 2, FALSE) -> 46013 | I41: Semana 1
... A452: Actualizar el modelo de usuario para incluir el estado premium | B452: Subtarea | C452: Tareas por hacer | D452: Modificar el modelo de datos del usuario para asegurar que el estado premium/no premium esté disponible para ser mostrado en el perfil. | E452: Alberto Puig Parellada | F452: 50.0 | G452: =VLOOKUP(I452,Sprints!$A$2:$C$100, 2, FALSE) -> 46125 | H452: =VLOOKUP(I452,Sprints!$A$2:$C$100, 2, FALSE) -> 46125 | I452: Semanas 17 - 18

Sheet Sprints
A1: Sprint | B1: Fecha inicio | C1: Fecha fin
A2: Semana 1 | B2: 46013 | C2: 46020
A3: Semana 2 | B3: 46020 | C3: 46027
A4: Semana 3 | B4: 46027 | C4: 46034
A5: Semana 4 | B5: 46034 | C5: 46041
A6: Semana 5 | B6: 46041 | C6: 46048
A7: Semana 6 | B7: 46048 | C7: 46055
A8: Semana 7 | B8: 46055 | C8: 46062
A9: Semana 8 | B9: 46062 | C9: 46069
A10: Semana 9 | B10: 46069 | C10: 46076
A11: Semana 10 | B11: 46076 | C11: 46083
A12: Semanas 11 - 12 | B12: 46083 | C12: 46097
A13: Semanas 13 - 14 | B13: 46097 | C13: 46111
... A15: Semanas 17 - 18 | B15: 46125 | C15: 46139

Sheet Caracteres
A1: á | B1: á
A2: é | B2: é
A3: í | B3: í
A4: ó | B4: ó
A5: ú | B5: ú
A6: ñ | B6: ñ

Sheet Tabla1
A1: ID | B1: Historia de Usaurio | C1: Criterios de aceptación
A2: Ver perfiles de otros usuarios | B2: Epic | C2: Tareas por hacer | E2: Alberto Puig Parellada | F2: 10.0
A3: Añadir usuarios amigos | B3: Epic | C3: Tareas por hacer | E3: Alberto Puig Parellada | F3: 10.0
A4: Mostrar la información del usuario (Perfil) | B4: Epic | C4: Tareas por hacer | E4: Alberto Puig Parellada | F4: 10.0
A5: Sistema de reportes para las quedadas | B5: Epic | C5: Tareas por hacer | E5: Alberto Puig Parellada | F5: 10.0
A6: Creación de quedadas | B6: Epic | C6: Tareas por hacer | E6: Alberto Puig Parellada | F6: 10.0
A7: Registro para el usuario | B7: Epic | C7: Tareas por hacer | E7: Alberto Puig Parellada | F7: 10.0
A8: Lista de amistades | B8: Epic | C8: Tareas por hacer | E8: Alberto Puig Parellada | F8: 15.0
A9: Lista de grupos y chats del usuario con filtros | B9: Epic | C9: Tareas por hacer | E9: Alberto Puig Parellada | F9: 15.0
A10: Cambiar la infomación del usuario | B10: Epic | C10: Tareas por hacer | E10: Alberto Puig Parellada | F10: 15.0
A11: Inicio de sesión para el usuario | B11: Epic | C11: Tareas por hacer | E11: Alberto Puig Parellada | F11: 15.0
A12: Sistema de reportes de usuarios | B12: Epic | C12: Tareas por hacer | E12: Alberto Puig Parellada | F12: 15.0
A13: Búsqueda de quedadas con filtros | B13: Epic | C13: Tareas por hacer | E13: Alberto Puig Parellada | F13: 15.0
... A29: Confirmación puntuaciones asignadas a las quedadas | B29: Epic | C29: Tareas por hacer | E29: Alberto Puig Parellada | F29: 50.0
A30: Mostrar la información del usuario | B30: Historia | C30: Tareas por hacer | D30: Como usuario quiero ver mi información del perfil para comprobar que está bien y poder acceder a ella | E30: Alberto Puig Parellada | F30: 10.0 | G30: =VLOOKUP(I30,Sprints!$A$2:$C$100, 2, FALSE) -> 46013 | H30: =VLOOKUP(I30,Sprints!$A$2:$C$100, 2, FALSE) -> 46013 | I30: Semana 1
A31: Ver el formulario de creación de quedada | B31: Historia | C31: Tareas por hacer | D31: Como usuario quiero ver el formulario de crear quedadas para poder introducir los datos de mi quedada | E31: Alberto Puig Parellada | F31: 10.0 | G31: =VLOOKUP(I31,Sprints!$A$2:$C$100, 2, FALSE) -> 46013 | H31: =VLOOKUP(I31,Sprints!$A$2:$C$100, 2, FALSE) -> 46013 | I31: Semana 1
A32: Registrar al usuario | B32: Historia | C32: Tareas por hacer | D32: Como usuario quiero que se registre mi cuenta para poder usarla | E32: Alberto Puig Parellada | F32: 10.0 | G32: =VLOOKUP(I32,Sprints!$A$2:$C$100, 2, FALSE) -> 46013 | H32: =VLOOKUP(I32,Sprints!$A$2:$C$100, 2, FALSE) -> 46013 | I32: Semana 1
A33: Ver el formulario de registro | B33: Historia | C33: Tareas por hacer | D33: Como usuario quiero ver el formulario de registro para poder introducir mis datos y registrarme | E33: Alberto Puig Parellada | F33: 10.0 | G33: =VLOOKUP(I33,Sprints!$A$2:$C$100, 2, FALSE) -> 46013 | H33: =VLOOKUP(I33,Sprints!$A$2:$C$100, 2, FALSE) -> 46013 | I33: Semana 1
A34: Mostrar resumen de la quedada creada | B34: Historia | C34: Tareas por hacer | D34: Como usuario quiero ver un resumen de mi quedada creada para verificar que se ha creado bien y con los datos correctos | E34: Alberto Puig Parellada | F34: 11.0 | G34: =VLOOKUP(I34,Sprints!$A$2:$C$100, 2, FALSE) -> 46013 | H34: =VLOOKUP(I34,Sprints!$A$2:$C$100, 2, FALSE) -> 46013 | I34: Semana 1
A35: Crear la quedada | B35: Historia | C35: Tareas por hacer | D35: Como usuario quiero que la página cree mi quedada para poder usarla | E35: Alberto Puig Parellada | F35: 12.0 | G35: =VLOOKUP(I35,Sprints!$A$2:$C$100, 2, FALSE) -> 46013 | H35: =VLOOKUP(I35,Sprints!$A$2:$C$100, 2, FALSE) -> 46013 | I35: Semana 1
A36: Recibir notificación por correo | B36: Historia | C36: Tareas por hacer | D36: Como usuario quiero que se me envíe un correo de notificación al registrar mi cuenta | E36: Alberto Puig Parellada | F36: 12.0 | G36: =VLOOKUP(I36,Sprints!$A$2:$C$100, 2, FALSE) -> 46013 | H36: =VLOOKUP(I36,Sprints!$A$2:$C$100, 2, FALSE) -> 46013 | I36: Semana 1
A37: Enviar correo de confirmación | B37: Historia | C37: Tareas por hacer | D37: Como usuario quiero recibir un correo para que se verifique que he introducido bien mi correo electrónico | E37: Alberto Puig Parellada | F37: 12.0 | G37: =VLOOKUP(I37,Sprints!$A$2:$C$100, 2, FALSE) -> 46013 | H37: =VLOOKUP(I37,Sprints!$A$2:$C$100, 2, FALSE) -> 46013 | I37: Semana 1
A38: Ver el formulario de inicio de sesión | B38: Historia | C38: Tareas por hacer | D38: Como usuario quiero ver el formulario de inicio de sesión para poder introducir mi cuenta e iniciar sesión | E38: Alberto Puig Parellada | F38: 15.0 | G38: =VLOOKUP(I38,Sprints!$A$2:$C$100, 2, FALSE) -> 46013 | H38: =VLOOKUP(I38,Sprints!$A$2:$C$100, 2, FALSE) -> 46013 | I38: Semana 1
A39: Cambiar la contraseña | B39: Historia | C39: Tareas por hacer | D39: Como usuario quiero poder cambiar mi contraseña para poder seleccionar la que desee | E39: Alberto Puig Parellada | F39: 16.0 | G39: =VLOOKUP(I39,Sprints!$A$2:$C$100, 2, FALSE) -> 46013 | H39: =VLOOKUP(I39,Sprints!$A$2:$C$100, 2, FALSE) -> 46013 | I39: Semana 1
A40: Cambiar el correo | B40: Historia | C40: Tareas por hacer | D40: Como usuario quiero poder cambiar mi dirección de correo para poder seleccionar el que desee | E40: Alberto Puig Parellada | F40: 16.0 | G40: =VLOOKUP(I40,Sprints!$A$2:$C$100, 2, FALSE) -> 46013 | H40: =VLOOKUP(I40,Sprints!$A$2:$C$100, 2, FALSE) -> 46013 | I40: Semana 1
A41: Cambiar el nombre de usuario | B41: Historia | C41: Tareas por hacer | D41: Como usuario quiero poder cambiar mi nombre de usuario para poder seleccionar el que desee | E41: Alberto Puig Parellada | F41: 16.0 | G41: =VLOOKUP(I41,Sprints!$A$2:$C$100, 2, FALSE) -> 46013 | H41: =VLOOKUP(I41,Sprints!$A$2:$C$100, 2, FALSE) -> 46013 | I41: Semana 1
... A452: Actualizar el modelo de usuario para incluir el estado premium | B452: Subtarea | C452: Tareas por hacer | D452: Modificar el modelo de datos del usuario para asegurar que el estado premium/no premium esté disponible para ser mostrado en el perfil. | E452: Alberto Puig Parellada | F452: 50.0 | G452: =VLOOKUP(I452,Sprints!$A$2:$C$100, 2, FALSE) -> 46125 | H452: =VLOOKUP(I452,Sprints!$A$2:$C$100, 2, FALSE) -> 46125 | I452: Semanas 17 - 18
A453: Alberto Puig Parellada | B453: 50.0 | C453: =VLOOKUP(E453,Sprints!$A$2:$C$100, 2, FALSE) -> 46125 | D453: =VLOOKUP(E453,Sprints!$A$2:$C$100, 2, FALSE) -> 46125 | E453: Semanas 17 - 18

Sheet Tabla2

Sheet Tabla3
B1: Resumen | C1: Tipo | D1: Estado | E1: Descripción | F1: Persona asignada | G1: Story point | H1: Start Inicio | I1: Fecha Fin | J1: Sprint
B2: Mostrar la información del usuario | C2: Historia | D2: Tareas por hacer | E2: Como usuario quiero ver mi información del perfil para comprobar que está bien y poder acceder a ella | F2: Alberto Puig Parellada | G2: 10.0 | H2: =VLOOKUP(J2,Sprints!$A$2:$C$100, 2, FALSE) -> 46013 | I2: =VLOOKUP(J2,Sprints!$A$2:$C$100, 2, FALSE) -> 46013 | J2: Semana 1
B3: Ver el formulario de creación de quedada | C3: Historia | D3: Tareas por hacer | E3: Como usuario quiero ver el formulario de crear quedadas para poder introducir los datos de mi quedada | F3: Alberto Puig Parellada | G3: 10.0 | H3: =VLOOKUP(J3,Sprints!$A$2:$C$100, 2, FALSE) -> 46013 | I3: =VLOOKUP(J3,Sprints!$A$2:$C$100, 2, FALSE) -> 46013 | J3: Semana 1
B4: Registrar al usuario | C4: Historia | D4: Tareas por hacer | E4: Como usuario quiero que se registre mi cuenta para poder usarla | F4: Alberto Puig Parellada | G4: 10.0 | H4: =VLOOKUP(J4,Sprints!$A$2:$C$100, 2, FALSE) -> 46013 | I4: =VLOOKUP(J4,Sprints!$A$2:$C$100, 2, FALSE) -> 46013 | J4: Semana 1
B5: Ver el formulario de registro | C5: Historia | D5: Tareas por hacer | E5: Como usuario quiero ver el formulario de registro para poder introducir mis datos y registrarme | F5: Alberto Puig Parellada | G5: 10.0 | H5: =VLOOKUP(J5,Sprints!$A$2:$C$100, 2, FALSE) -> 46013 | I5: =VLOOKUP(J5,Sprints!$A$2:$C$100, 2, FALSE) -> 46013 | J5: Semana 1
B6: Mostrar resumen de la quedada creada | C6: Historia | D6: Tareas por hacer | E6: Como usuario quiero ver un resumen de mi quedada creada para verificar que se ha creado bien y con los datos correctos | F6: Alberto Puig Parellada | G6: 11.0 | H6: =VLOOKUP(J6,Sprints!$A$2:$C$100, 2, FALSE) -> 46013 | I6: =VLOOKUP(J6,Sprints!$A$2:$C$100, 2, FALSE) -> 46013 | J6: Semana 1
B7: Crear la quedada | C7: Historia | D7: Tareas por hacer | E7: Como usuario quiero que la página cree mi quedada para poder usarla | F7: Alberto Puig Parellada | G7: 12.0 | H7: =VLOOKUP(J7,Sprints!$A$2:$C$100, 2, FALSE) -> 46013 | I7: =VLOOKUP(J7,Sprints!$A$2:$C$100, 2, FALSE) -> 46013 | J7: Semana 1
B8: Recibir notificación por correo | C8: Historia | D8: Tareas por hacer | E8: Como usuario quiero que se me envíe un correo de notificación al registrar mi cuenta | F8: Alberto Puig Parellada | G8: 12.0 | H8: =VLOOKUP(J8,Sprints!$A$2:$C$100, 2, FALSE) -> 46013 | I8: =VLOOKUP(J8,Sprints!$A$2:$C$100, 2, FALSE) -> 46013 | J8: Semana 1
B9: Enviar correo de confirmación | C9: Historia | D9: Tareas por hacer | E9: Como usuario quiero recibir un correo para que se verifique que he introducido bien mi correo electrónico | F9: Alberto Puig Parellada | G9: 12.0 | H9: =VLOOKUP(J9,Sprints!$A$2:$C$100, 2, FALSE) -> 46013 | I9: =VLOOKUP(J9,Sprints!$A$2:$C$100, 2, FALSE) -> 46013 | J9: Semana 1
B10: Ver el formulario de inicio de sesión | C10: Historia | D10: Tareas por hacer | E10: Como usuario quiero ver el formulario de inicio de sesión para poder introducir mi cuenta e iniciar sesión | F10: Alberto Puig Parellada | G10: 15.0 | H10: =VLOOKUP(J10,Sprints!$A$2:$C$100, 2, FALSE) -> 46013 | I10: =VLOOKUP(J10,Sprints!$A$2:$C$100, 2, FALSE) -> 46013 | J10: Semana 1
B11: Cambiar la contraseña | C11: Historia | D11: Tareas por hacer | E11: Como usuario quiero poder cambiar mi contraseña para poder seleccionar la que desee | F11: Alberto Puig Parellada | G11: 16.0 | H11: =VLOOKUP(J11,Sprints!$A$2:$C$100, 2, FALSE) -> 46013 | I11: =VLOOKUP(J11,Sprints!$A$2:$C$100, 2, FALSE) -> 46013 | J11: Semana 1
B12: Cambiar el correo | C12: Historia | D12: Tareas por hacer | E12: Como usuario quiero poder cambiar mi dirección de correo para poder seleccionar el que desee | F12: Alberto Puig Parellada | G12: 16.0 | H12: =VLOOKUP(J12,Sprints!$A$2:$C$100, 2, FALSE) -> 46013 | I12: =VLOOKUP(J12,Sprints!$A$2:$C$100, 2, FALSE) -> 46013 | J12: Semana 1
B13: Cambiar el nombre de usuario | C13: Historia | D13: Tareas por hacer | E13: Como usuario quiero poder cambiar mi nombre de usuario para poder seleccionar el que desee | F13: Alberto Puig Parellada | G13: 16.0 | H13: =VLOOKUP(J13,Sprints!$A$2:$C$100, 2, FALSE) -> 46013 | I13: =VLOOKUP(J13,Sprints!$A$2:$C$100, 2, FALSE) -> 46013 | J13: Semana 1
... B424: Actualizar el modelo de usuario para incluir el estado premium | C424: Subtarea | D424: Tareas por hacer | E424: Modificar el modelo de datos del usuario para asegurar que el estado premium/no premium esté disponible para ser mostrado en el perfil. | F424: Alberto Puig Parellada | G424: 50.0 | H424: =VLOOKUP(J424,Sprints!$A$2:$C$100, 2, FALSE) -> 46125 | I424: =VLOOKUP(J424,Sprints!$A$2:$C$100, 2, FALSE) -> 46125 | J424: Semanas 17 - 18
